Vehicle_ID,Time,Frame_ID,Total_Frames,Global_Time,Local_X,Local_Y,Global_X,Global_Y,v_length,v_Width,v_Class,v_Vel,v_Acc,Lane_ID,O_Zone,D_Zone,Int_ID,Section_ID,Direction,Movement,Preceding,Following,Space_Headway,Time_Headway,Location
528,334,3341,759,1.12E+12,-7.6852272,482.7684528,6452411.156,1874263.105,5.36448,2.25552,2,3.075432,0,2,108,201,4,0,4,1,511,0,134.002272,43.57,lankershim
528,334.1,3342,759,1.12E+12,-7.6148184,482.4691392,6452411.362,1874262.117,5.36448,2.25552,2,3.075432,0,2,108,201,4,0,4,1,511,0,133.703568,43.47,lankershim
528,334.2,3343,759,1.12E+12,-7.5444096,482.1698256,6452411.567,1874261.129,5.36448,2.25552,2,3.075432,0,2,108,201,4,0,4,1,511,0,133.404864,43.38,lankershim
528,334.3,3344,759,1.12E+12,-7.4740008,481.8695976,6452411.772,1874260.141,5.36448,2.25552,2,3.069336,-0.088392,2,108,201,4,0,4,1,511,0,133.103112,43.37,lankershim
528,334.4,3345,759,1.12E+12,-7.4032872,481.5721128,6452411.978,1874259.153,5.36448,2.25552,2,3.069336,0.033528,2,108,201,4,0,4,1,511,0,132.807456,43.27,lankershim
528,334.5,3346,759,1.12E+12,-7.3331832,481.2813336,6452412.183,1874258.165,5.36448,2.25552,2,3.148584,1.274064,2,108,201,4,0,4,1,511,0,132.514848,42.09,lankershim
528,334.6,3347,759,1.12E+12,-7.2636888,480.980496,6452412.386,1874257.211,5.36448,2.25552,2,3.39852,3.41376,2,108,201,4,0,4,1,511,0,132.216144,38.9,lankershim
528,334.7,3348,759,1.12E+12,-7.1899272,480.6186984,6452412.6,1874256.147,5.36448,2.25552,2,3.861816,3.44424,2,108,201,4,0,4,1,511,0,131.853432,34.14,lankershim
528,334.8,3349,759,1.12E+12,-7.1237856,480.2056944,6452412.782,1874254.789,5.36448,2.25552,2,4.504944,3.651504,2,108,201,4,0,4,1,511,0,131.438904,29.18,lankershim
528,334.9,3350,759,1.12E+12,-7.0433184,479.7326448,6452413.005,1874253.217,5.36448,2.25552,2,5.169408,4.1148,2,108,201,4,0,4,1,511,0,130.966464,25.34,lankershim
528,335,3351,759,1.12E+12,-6.9354192,479.2074744,6452413.312,1874251.406,5.36448,2.25552,2,5.641848,3.944112,2,108,201,4,0,4,1,511,0,130.442208,23.12,lankershim
528,335.1,3352,759,1.12E+12,-6.7933824,478.6253064,6452413.724,1874249.354,5.36448,2.25552,2,5.885688,1.319784,2,108,201,4,0,4,1,511,0,129.86004,22.06,lankershim
528,335.2,3353,759,1.12E+12,-6.6220848,478.046796,6452414.238,1874247.494,5.36448,2.25552,2,6.001512,0.35052,2,108,201,4,0,4,1,511,0,129.28092,21.54,lankershim
528,335.3,3354,759,1.12E+12,-6.481572,477.4716384,6452414.652,1874245.684,5.36448,2.25552,2,6.138672,2.200656,2,108,201,4,0,4,1,511,0,128.704848,20.97,lankershim
528,335.4,3355,759,1.12E+12,-6.3623952,476.8650864,6452414.99,1874243.649,5.36448,2.25552,2,6.406896,3.355848,2,108,201,4,0,4,1,511,0,128.098296,19.99,lankershim
528,335.5,3356,759,1.12E+12,-6.252972,476.2152528,6452415.293,1874241.505,5.36448,2.25552,2,6.7056,2.703576,2,108,201,4,0,4,1,511,0,127.449072,19.01,lankershim
528,335.6,3357,759,1.12E+12,-6.1322712,475.532196,6452415.629,1874239.223,5.36448,2.25552,2,6.900672,1.34112,2,108,201,4,0,4,1,511,0,126.76632,18.37,lankershim
528,335.7,3358,759,1.12E+12,-5.9874912,474.8445672,6452416.045,1874236.947,5.36448,2.25552,2,7.001256,0.630936,2,108,201,4,0,4,1,511,0,126.077472,18.01,lankershim
528,335.8,3359,759,1.12E+12,-5.8472832,474.1587672,6452416.447,1874234.704,5.36448,2.25552,2,7.092696,1.106424,2,108,201,4,0,4,1,511,532,125.391672,17.68,lankershim
528,335.9,3360,759,1.12E+12,-5.7107328,473.4644328,6452416.836,1874232.445,5.36448,2.25552,2,7.242048,2.115312,2,108,201,4,0,4,1,511,532,124.699776,17.22,lankershim
528,336,3361,759,1.12E+12,-5.5766208,472.7457144,6452417.213,1874230.051,5.36448,2.25552,2,7.461504,2.57556,2,108,201,4,0,4,1,511,532,123.980448,16.62,lankershim
528,336.1,3362,759,1.12E+12,-5.4489096,471.9968208,6452417.568,1874227.584,5.36448,2.25552,2,7.702296,2.380488,2,108,201,4,0,4,1,511,532,123.23064,16,lankershim
528,336.2,3363,759,1.12E+12,-5.3260752,471.2235432,6452417.905,1874225.039,5.36448,2.25552,2,7.9248,2.109216,2,108,201,4,0,4,1,511,532,122.459496,15.45,lankershim
528,336.3,3364,759,1.12E+12,-5.1956208,470.4307584,6452418.265,1874222.419,5.36448,2.25552,2,8.135112,2.078736,2,108,201,4,0,4,1,511,532,121.663968,14.96,lankershim
528,336.4,3365,759,1.12E+12,-5.0572416,469.6166376,6452418.649,1874219.755,5.36448,2.25552,2,8.333232,1.938528,2,108,201,4,0,4,1,511,532,120.850152,14.5,lankershim
528,336.5,3366,759,1.12E+12,-4.92252,468.7811808,6452419.019,1874217.002,5.36448,2.25552,2,8.491728,1.368552,2,108,201,4,0,4,1,511,532,120.015,14.13,lankershim
528,336.6,3367,759,1.12E+12,-4.7954184,467.9295696,6452419.363,1874214.183,5.36448,2.25552,2,8.589264,0.475488,2,108,201,4,0,4,1,511,532,119.164608,13.87,lankershim
528,336.7,3368,759,1.12E+12,-4.6814232,467.0715576,6452419.663,1874211.359,5.36448,2.25552,2,8.631936,-0.21336,2,108,201,4,0,4,1,511,532,118.305072,13.71,lankershim
528,336.8,3369,759,1.12E+12,-4.5631608,466.21446,6452419.978,1874208.545,5.36448,2.25552,2,8.638032,-0.070104,2,108,201,4,0,4,1,511,532,117.448584,13.6,lankershim
528,336.9,3370,759,1.12E+12,-4.4445936,465.3582768,6452420.294,1874205.731,5.36448,2.25552,2,8.619744,-0.185928,2,108,201,4,0,4,1,511,532,116.592096,13.53,lankershim
528,337,3371,759,1.12E+12,-4.3257216,464.5100184,6452420.61,1874202.918,5.36448,2.25552,2,8.644128,0.463296,2,108,201,4,0,4,1,511,532,115.744752,13.39,lankershim
528,337.1,3372,759,1.12E+12,-4.2071544,463.6675512,6452420.926,1874200.104,5.36448,2.25552,2,8.833104,2.923032,2,108,201,4,0,4,1,511,532,114.903504,13.01,lankershim
528,337.2,3373,759,1.12E+12,-4.08432,462.7650384,6452421.257,1874197.355,5.36448,2.25552,2,9.2964,3.328416,2,108,201,4,0,4,1,511,532,113.998248,12.26,lankershim
528,337.3,3374,759,1.12E+12,-3.9633144,461.8088808,6452421.573,1874194.249,5.36448,2.25552,2,9.896856,2.913888,2,108,201,4,0,4,1,511,532,113.044224,11.42,lankershim
528,337.4,3375,759,1.12E+12,-3.8642544,460.7984688,6452421.809,1874190.822,5.36448,2.25552,2,10.506456,1.374648,2,108,201,4,0,4,1,511,532,112.032288,10.66,lankershim
528,337.5,3376,759,1.12E+12,-3.7953696,459.7109424,6452421.937,1874187.058,5.36448,2.25552,2,11.219688,0,2,108,201,4,0,4,1,511,532,110.944152,9.89,lankershim
528,337.6,3377,759,1.12E+12,-3.7609272,458.5435584,6452421.972,1874182.97,5.36448,2.25552,2,11.987784,1.612392,2,108,201,4,0,4,1,511,532,109.776768,9.16,lankershim
528,337.7,3378,759,1.12E+12,-3.8087808,457.3103376,6452422.003,1874178.541,5.36448,2.25552,2,12.743688,3.5052,2,108,201,4,0,4,1,511,532,108.545376,8.52,lankershim
528,337.8,3379,759,1.12E+12,-3.83286,456.0185952,6452422.112,1874174.137,5.36448,2.25552,2,13.338048,3.18516,2,108,201,4,0,4,1,511,532,107.253024,8.04,lankershim
528,337.9,3380,759,1.12E+12,-3.8322504,454.6326696,6452422.303,1874169.688,5.36448,2.25552,2,13.466064,1.060704,2,108,201,4,0,4,1,511,532,105.866184,7.86,lankershim
528,338,3381,759,1.12E+12,-3.813048,453.289416,6452422.556,1874165.204,5.36448,2.25552,2,13.109448,-3.316224,2,108,201,0,4,4,1,511,532,104.525064,7.97,lankershim
528,338.1,3382,759,1.12E+12,-3.7853112,452.0235816,6452422.836,1874160.771,5.36448,2.25552,2,12.408408,-3.441192,2,108,201,0,4,4,1,511,532,103.257096,8.32,lankershim
528,338.2,3383,759,1.12E+12,-3.7560504,450.825108,6452423.095,1874156.935,5.36448,2.25552,2,11.554968,-3.8862,2,108,201,0,4,4,1,511,532,102.059232,8.83,lankershim
528,338.3,3384,759,1.12E+12,-3.7481256,449.6872896,6452423.272,1874153.373,5.36448,2.25552,2,10.948416,-1.87452,2,108,201,0,4,4,1,511,532,100.922328,9.22,lankershim
528,338.4,3385,759,1.12E+12,-3.7770816,448.6546272,6452423.316,1874150.113,5.36448,2.25552,2,10.92708,4.337304,2,108,201,0,4,4,1,511,532,99.889056,9.14,lankershim
528,338.5,3386,759,1.12E+12,-3.8462712,447.5280864,6452423.24,1874146.547,5.36448,2.25552,2,11.439144,3.995928,2,108,201,0,4,4,1,511,532,98.761296,8.63,lankershim
528,338.6,3387,759,1.12E+12,-3.9294816,446.3603976,6452423.128,1874142.743,5.36448,2.25552,2,12.051792,3.678936,2,108,201,0,4,4,1,511,532,97.593912,8.1,lankershim
528,338.7,3388,759,1.12E+12,-4.0209216,445.1216904,6452423.015,1874138.353,5.36448,2.25552,2,12.350496,1.228344,2,108,201,0,4,4,1,511,532,96.356424,7.8,lankershim
528,338.8,3389,759,1.12E+12,-4.12242,443.869572,6452422.857,1874134.228,5.36448,2.25552,2,12.173712,-3.188208,2,108,201,0,4,4,1,511,532,95.103696,7.81,lankershim
528,338.9,3390,759,1.12E+12,-4.241292,442.6839,6452422.633,1874130.306,5.36448,2.25552,2,11.68908,-3.282696,2,108,201,0,4,4,1,511,532,93.918024,8.03,lankershim
528,339,3391,759,1.12E+12,-4.3732704,441.5402904,6452422.357,1874126.612,5.36448,2.25552,2,11.225784,-3.386328,2,108,201,0,4,4,1,511,532,92.775024,8.26,lankershim
528,339.1,3392,759,1.12E+12,-4.5052488,440.454288,6452422.072,1874123.113,5.36448,2.25552,2,10.954512,-1.55448,2,108,201,0,4,4,1,511,532,91.689936,8.37,lankershim
528,339.2,3393,759,1.12E+12,-4.6353984,439.3853544,6452421.796,1874119.56,5.36448,2.25552,2,10.856976,-0.128016,2,108,201,0,4,4,1,511,532,90.620088,8.35,lankershim
528,339.3,3394,759,1.12E+12,-4.7649384,438.2926464,6452421.521,1874116.007,5.36448,2.25552,2,10.555224,-3.395472,2,108,201,0,4,4,1,511,532,89.525856,8.48,lankershim
528,339.4,3395,759,1.12E+12,-4.8947832,437.2962552,6452421.246,1874112.455,5.36448,2.25552,2,9.884664,-2.977896,2,108,201,0,4,4,1,511,532,88.532208,8.96,lankershim
528,339.5,3396,759,1.12E+12,-5.024628,436.3324776,6452420.97,1874108.904,5.36448,2.25552,2,9.442704,-1.450848,2,108,201,0,4,4,1,511,532,87.565992,9.27,lankershim
528,339.6,3397,759,1.12E+12,-5.1959256,435.446424,6452420.684,1874105.385,5.36448,2.25552,2,9.58596,4.565904,2,108,201,0,4,4,1,511,532,86.682072,9.04,lankershim
528,339.7,3398,759,1.12E+12,-5.4397656,434.4582624,6452420.408,1874101.811,5.36448,2.25552,2,10.329672,3.675888,2,108,201,0,4,4,1,511,532,85.691472,8.3,lankershim
528,339.8,3399,759,1.12E+12,-5.6744616,433.408836,6452420.19,1874098.051,5.36448,2.25552,2,11.365992,3.392424,2,108,201,0,4,4,1,511,532,84.64296,7.45,lankershim
528,339.9,3400,759,1.12E+12,-5.8920888,432.2694936,6452420.046,1874094.174,5.36448,2.25552,2,12.027408,3.319272,2,108,201,0,4,4,1,511,532,83.503008,6.94,lankershim
528,340,3401,759,1.12E+12,-6.100572,431.0612664,6452419.959,1874090.112,5.36448,2.25552,2,12.295632,2.081784,2,108,201,0,4,4,1,511,532,82.296,6.69,lankershim
528,340.1,3402,759,1.12E+12,-6.3084456,429.82896,6452419.883,1874085.993,5.36448,2.25552,2,12.43584,0.6096,2,108,201,0,4,4,1,511,532,81.064608,6.52,lankershim
528,340.2,3403,759,1.12E+12,-6.5187576,428.5942152,6452419.795,1874081.907,5.36448,2.25552,2,12.472416,-0.09144,2,108,201,0,4,4,1,511,532,79.82712,6.4,lankershim
528,340.3,3404,759,1.12E+12,-6.72846,427.3655664,6452419.708,1874077.82,5.36448,2.25552,2,12.463272,-0.079248,2,108,201,0,4,4,1,511,532,78.598776,6.31,lankershim
528,340.4,3405,759,1.12E+12,-6.9381624,426.1375272,6452419.621,1874073.734,5.36448,2.25552,2,12.460224,-0.03048,2,108,201,0,4,4,1,511,532,77.37348,6.21,lankershim
528,340.5,3406,759,1.12E+12,-7.1484744,424.9085736,6452419.533,1874069.647,5.36448,2.25552,2,12.457176,0.280416,2,108,201,0,4,4,1,511,532,76.142088,6.11,lankershim
528,340.6,3407,759,1.12E+12,-7.351776,423.6799248,6452419.468,1874065.556,5.36448,2.25552,2,12.444984,0.832104,2,108,201,0,4,4,1,511,532,74.913744,6.02,lankershim
528,340.7,3408,759,1.12E+12,-7.569708,422.419272,6452419.353,1874061.476,5.36448,2.25552,2,13.475208,4.422648,2,108,201,0,4,4,1,511,532,73.65492,5.47,lankershim
528,340.8,3409,759,1.12E+12,-7.8050136,420.9175224,6452419.179,1874057.408,5.36448,2.25552,2,15.840456,3.678936,2,108,201,0,4,4,1,511,532,72.152256,4.55,lankershim
528,340.9,3410,759,1.12E+12,-8.0579976,419.2953768,6452418.944,1874053.35,5.36448,2.25552,2,15.797784,0,2,108,201,0,4,4,1,511,532,70.53072,4.46,lankershim
528,341,3411,759,1.12E+12,-8.4831936,417.5720376,6452418.696,1874049.292,5.36448,2.25552,2,15.715488,-4.828032,2,108,201,0,4,4,1,511,532,68.805552,4.38,lankershim
528,341.1,3412,759,1.12E+12,-8.4408264,415.9459296,6452418.5,1874045.221,5.36448,2.25552,2,15.654528,-4.828032,2,108,201,0,4,4,1,511,532,67.180968,4.29,lankershim
528,341.2,3413,759,1.12E+12,-8.415528,414.4408272,6452418.245,1874041.134,5.36448,2.25552,2,13.298424,-4.184904,2,108,201,0,4,4,1,511,532,65.675256,4.94,lankershim
528,341.3,3414,759,1.12E+12,-8.4265008,413.170116,6452417.881,1874037.164,5.36448,2.25552,2,12.204192,-0.819912,2,108,201,0,4,4,1,511,532,64.40424,5.28,lankershim
528,341.4,3415,759,1.12E+12,-8.4450936,411.958536,6452417.498,1874033.267,5.36448,2.25552,2,12.210288,0.630936,2,108,201,0,4,4,1,511,532,63.194184,5.18,lankershim
528,341.5,3416,759,1.12E+12,-8.444484,410.734764,6452417.169,1874029.26,5.36448,2.25552,2,12.243816,0.704088,2,108,201,0,4,4,1,511,532,61.968888,5.06,lankershim
528,341.6,3417,759,1.12E+12,-8.4283296,409.4963616,6452416.883,1874025.163,5.36448,2.25552,2,12.195048,1.786128,2,108,201,0,4,4,1,511,532,60.7314,4.98,lankershim
528,341.7,3418,759,1.12E+12,-8.4517992,408.2710656,6452416.475,1874021.161,5.36448,2.25552,2,11.990832,0.774192,2,108,201,0,4,4,1,511,532,59.506104,4.96,lankershim
528,341.8,3419,759,1.12E+12,-8.5231224,407.0875272,6452415.921,1874017.29,5.36448,2.25552,2,11.713464,-1.868424,2,108,201,0,4,4,1,511,532,58.32348,4.98,lankershim
528,341.9,3420,759,1.12E+12,-8.6279736,405.9423936,6452415.273,1874013.625,5.36448,2.25552,2,11.487912,-1.459992,2,108,201,0,4,4,1,511,532,57.177432,4.98,lankershim
528,342,3421,759,1.12E+12,-8.7288624,404.815548,6452414.638,1874009.97,5.36448,2.25552,2,11.372088,-0.432816,2,108,201,0,4,4,1,511,532,56.049672,4.93,lankershim
528,342.1,3422,759,1.12E+12,-8.8267032,403.689312,6452414.013,1874006.296,5.36448,2.25552,2,11.344656,-0.0762,2,108,201,0,4,4,1,511,532,54.92496,4.84,lankershim
528,342.2,3423,759,1.12E+12,-8.924544,402.558504,6452413.387,1874002.624,5.36448,2.25552,2,11.3538,0.04572,2,108,201,0,4,4,1,511,532,53.794152,4.74,lankershim
528,342.3,3424,759,1.12E+12,-9.0223848,401.4267816,6452412.762,1873998.952,5.36448,2.25552,2,11.356848,0.039624,2,108,201,0,4,4,1,511,532,52.660296,4.64,lankershim
528,342.4,3425,759,1.12E+12,-9.1199208,400.2453768,6452412.137,1873995.282,5.36448,2.25552,2,12.515088,3.584448,2,108,201,0,4,4,1,511,532,51.48072,4.11,lankershim
528,342.5,3426,759,1.12E+12,-9.2189808,398.8067208,6452411.507,1873991.599,5.36448,2.25552,2,15.145512,3.407664,2,108,201,0,4,4,1,511,532,50.042064,3.3,lankershim
528,342.6,3427,759,1.12E+12,-9.3168216,397.2461448,6452410.882,1873987.93,5.36448,2.25552,2,15.65148,0,2,108,201,0,4,4,1,511,532,48.481488,3.1,lankershim
528,342.7,3428,759,1.12E+12,-9.5393256,395.59992,6452410.277,1873984.327,5.36448,2.25552,2,15.63624,-4.828032,2,108,201,0,4,4,1,511,532,46.835568,3,lankershim
528,342.8,3429,759,1.12E+12,-9.3805248,394.0710432,6452409.698,1873980.809,5.36448,2.25552,2,14.61516,0,2,108,201,0,4,4,1,511,532,45.305472,3.1,lankershim
528,342.9,3430,759,1.12E+12,-9.2223336,392.6896896,6452409.139,1873977.355,5.36448,2.25552,2,11.847576,-0.859536,2,108,201,0,4,4,1,511,532,43.924728,3.71,lankershim
528,343,3431,759,1.12E+12,-9.0638376,391.5783888,6452408.584,1873973.914,5.36448,2.25552,2,10.664952,-0.1524,2,108,201,0,4,4,1,511,532,42.812208,4.01,lankershim
528,343.1,3432,759,1.12E+12,-8.9053416,390.5262192,6452408.025,1873970.46,5.36448,2.25552,2,10.655808,0.070104,2,108,201,0,4,4,1,511,532,41.760648,3.92,lankershim
528,343.2,3433,759,1.12E+12,-8.7471504,389.4725256,6452407.466,1873967.007,5.36448,2.25552,2,10.668,0.131064,2,108,201,0,4,4,1,511,532,40.70604,3.82,lankershim
528,343.3,3434,759,1.12E+12,-8.5886544,388.4163936,6452406.907,1873963.553,5.36448,2.25552,2,10.674096,0.103632,2,108,201,0,4,4,1,511,532,39.651432,3.71,lankershim
528,343.4,3435,759,1.12E+12,-8.4304632,387.3562992,6452406.348,1873960.099,5.36448,2.25552,2,10.631424,-0.755904,2,108,201,0,4,4,1,511,532,38.590728,3.63,lankershim
528,343.5,3436,759,1.12E+12,-8.2643472,386.3001672,6452405.804,1873956.611,5.36448,2.25552,2,10.48512,-2.462784,2,108,201,0,4,4,1,511,532,37.533072,3.58,lankershim
528,343.6,3437,759,1.12E+12,-8.1095088,385.2629328,6452405.246,1873953.197,5.36448,2.25552,2,10.213848,-4.306824,2,108,201,0,4,4,1,511,532,36.496752,3.57,lankershim
528,343.7,3438,759,1.12E+12,-7.9955136,384.2634936,6452404.608,1873949.977,5.36448,2.25552,2,9.848088,-4.828032,2,108,201,0,4,4,1,511,532,35.497008,3.6,lankershim
528,343.8,3439,759,1.12E+12,-7.9238856,383.3018496,6452403.866,1873946.884,5.36448,2.25552,2,9.488424,-4.325112,2,108,201,0,4,4,1,511,532,34.536888,3.64,lankershim
528,343.9,3440,759,1.12E+12,-7.8931008,382.3780008,6452403.044,1873943.983,5.36448,2.25552,2,9.23544,-2.481072,2,108,201,0,4,4,1,511,532,33.613344,3.64,lankershim
528,344,3441,759,1.12E+12,-7.8738984,381.4736592,6452402.208,1873941.16,5.36448,2.25552,2,9.095232,-0.771144,2,108,201,0,4,4,1,511,532,32.708088,3.6,lankershim
528,344.1,3442,759,1.12E+12,-7.847076,380.5729752,6452401.386,1873938.302,5.36448,2.25552,2,9.05256,0.100584,2,108,201,0,4,4,1,511,532,31.808928,3.51,lankershim
528,344.2,3443,759,1.12E+12,-7.8199488,379.6689384,6452400.565,1873935.444,5.36448,2.25552,2,9.061704,0.18288,2,108,201,0,4,4,1,511,532,30.903672,3.41,lankershim
528,344.3,3444,759,1.12E+12,-7.7928216,378.7615488,6452399.745,1873932.588,5.36448,2.25552,2,9.0678,0.039624,2,108,201,0,4,4,1,511,532,29.995368,3.31,lankershim
528,344.4,3445,759,1.12E+12,-7.7659992,377.849892,6452398.924,1873929.732,5.36448,2.25552,2,9.015984,-0.874776,2,108,201,0,4,4,1,511,532,29.084016,3.23,lankershim
528,344.5,3446,759,1.12E+12,-7.7336904,376.943112,6452398.11,1873926.838,5.36448,2.25552,2,8.85444,-2.563368,2,108,201,0,4,4,1,511,532,28.17876,3.18,lankershim
528,344.6,3447,759,1.12E+12,-7.7117448,376.0631544,6452397.29,1873924.039,5.36448,2.25552,2,8.558784,-3.980688,2,108,201,0,4,4,1,511,532,27.297888,3.19,lankershim
528,344.7,3448,759,1.12E+12,-7.7184504,375.2283072,6452396.435,1873921.438,5.36448,2.25552,2,8.165592,-2.374392,2,108,201,0,4,4,1,511,532,26.462736,3.24,lankershim
528,344.8,3449,759,1.12E+12,-7.7513688,374.4303408,6452395.535,1873918.977,5.36448,2.25552,2,7.778496,-2.737104,2,108,201,0,4,4,1,511,532,25.66416,3.3,lankershim
528,344.9,3450,759,1.12E+12,-7.8123288,373.6777896,6452394.601,1873916.712,5.36448,2.25552,2,7.495032,-2.002536,2,108,201,0,4,4,1,511,532,24.911304,3.32,lankershim
528,345,3451,759,1.12E+12,-7.8839568,372.951756,6452393.661,1873914.544,5.36448,2.25552,2,7.336536,-0.765048,2,108,201,0,4,4,1,511,532,24.18588,3.3,lankershim
528,345.1,3452,759,1.12E+12,-7.9500984,372.2312088,6452392.727,1873912.338,5.36448,2.25552,2,7.287768,-0.048768,2,108,201,0,4,4,1,511,532,23.463504,3.22,lankershim
528,345.2,3453,759,1.12E+12,-8.01624,371.5073088,6452391.795,1873910.134,5.36448,2.25552,2,7.296912,0.19812,2,108,201,0,4,4,1,511,532,22.73808,3.12,lankershim
528,345.3,3454,759,1.12E+12,-8.0823816,370.7782272,6452390.862,1873907.931,5.36448,2.25552,2,7.303008,-0.286512,2,108,201,0,4,4,1,511,532,22.009608,3.01,lankershim
528,345.4,3455,759,1.12E+12,-8.1485232,370.0448784,6452389.93,1873905.73,5.36448,2.25552,2,7.229856,-1.895856,2,108,201,0,4,4,1,511,532,21.296376,2.95,lankershim
528,345.5,3456,759,1.12E+12,-8.231124,369.3554208,6452388.933,1873903.5,5.36448,2.25552,2,7.363968,-1.2192,2,108,201,0,4,4,1,511,532,20.647152,2.8,lankershim
528,345.6,3457,759,1.12E+12,-8.2335624,368.590068,6452388.224,1873901.311,5.36448,2.25552,2,7.812024,4.828032,2,108,201,0,4,4,1,511,532,19.936968,2.55,lankershim
528,345.7,3458,759,1.12E+12,-8.218932,367.7793,6452387.625,1873899.281,5.36448,2.25552,2,7.961376,2.94132,2,108,201,0,4,4,1,511,532,19.18716,2.41,lankershim
528,345.8,3459,759,1.12E+12,-8.1585816,366.9859056,6452387.268,1873897.348,5.36448,2.25552,2,7.607808,-3.374136,2,108,201,0,4,4,1,511,532,18.45564,2.43,lankershim
528,345.9,3460,759,1.12E+12,-8.0692752,366.2732832,6452386.855,1873895.563,5.36448,2.25552,2,6.81228,-3.813048,2,108,201,0,4,4,1,511,532,17.80032,2.61,lankershim
528,346,3461,759,1.12E+12,-8.0311752,365.6222304,6452386.284,1873893.834,5.36448,2.25552,2,5.855208,-4.163568,2,108,201,0,4,4,1,511,532,17.209008,2.94,lankershim
528,346.1,3462,759,1.12E+12,-8.0439768,365.0729808,6452385.543,1873892.129,5.36448,2.25552,2,5.34924,-2.395728,2,108,201,0,4,4,1,511,532,16.721328,3.13,lankershim
528,346.2,3463,759,1.12E+12,-8.042148,364.542324,6452384.9,1873890.539,5.36448,2.25552,2,5.13588,-2.532888,2,108,201,0,4,4,1,511,532,16.251936,3.16,lankershim
528,346.3,3464,759,1.12E+12,-8.04672,364.0433664,6452384.265,1873889.025,5.36448,2.25552,2,4.904232,-2.24028,2,108,201,0,4,4,1,511,532,15.806928,3.22,lankershim
528,346.4,3465,759,1.12E+12,-8.0610456,363.570012,6452383.635,1873887.606,5.36448,2.25552,2,4.727448,-0.600456,2,108,201,0,4,4,1,511,532,15.374112,3.25,lankershim
528,346.5,3466,759,1.12E+12,-8.0637888,363.1054968,6452383.064,1873886.232,5.36448,2.25552,2,4.593336,1.15824,2,108,201,0,4,4,1,511,532,14.929104,3.25,lankershim
528,346.6,3467,759,1.12E+12,-8.0235552,362.6482968,6452382.609,1873884.769,5.36448,2.25552,2,4.437888,-1.755648,2,108,201,0,4,4,1,511,532,14.474952,3.26,lankershim
528,346.7,3468,759,1.12E+12,-7.9760064,362.2093848,6452382.196,1873883.345,5.36448,2.25552,2,4.215384,-2.98704,2,108,201,0,4,4,1,511,532,14.032992,3.33,lankershim
528,346.8,3469,759,1.12E+12,-7.946136,361.8012576,6452381.791,1873882.093,5.36448,2.25552,2,3.959352,-3.45948,2,108,201,0,4,4,1,511,532,13.621512,3.44,lankershim
528,346.9,3470,759,1.12E+12,-7.958328,361.4254392,6452381.29,1873880.973,5.36448,2.25552,2,3.752088,-1.02108,2,108,201,0,4,4,1,511,532,13.246608,3.53,lankershim
528,347,3471,759,1.12E+12,-7.9988664,361.0651656,6452380.72,1873879.928,5.36448,2.25552,2,3.64236,-1.014984,2,108,201,0,4,4,1,511,532,12.886944,3.54,lankershim
528,347.1,3472,759,1.12E+12,-8.01624,360.7039776,6452380.229,1873878.876,5.36448,2.25552,2,3.572256,1.627632,2,108,201,0,4,4,1,511,532,12.524232,3.51,lankershim
528,347.2,3473,759,1.12E+12,-7.990332,360.3458376,6452379.85,1873877.723,5.36448,2.25552,2,3.471672,-1.09728,2,108,201,0,4,4,1,511,532,12.167616,3.5,lankershim
528,347.3,3474,759,1.12E+12,-7.9561944,359.9998896,6452379.52,1873876.618,5.36448,2.25552,2,3.313176,-2.173224,2,108,201,0,4,4,1,511,532,11.820144,3.57,lankershim
528,347.4,3475,759,1.12E+12,-7.94766,359.6752776,6452379.159,1873875.66,5.36448,2.25552,2,3.081528,-2.654808,2,108,201,0,4,4,1,511,532,11.497056,3.73,lankershim
528,347.5,3476,759,1.12E+12,-7.9635096,359.3796216,6452378.732,1873874.752,5.36448,2.25552,2,2.822448,-2.627376,2,108,201,0,4,4,1,511,532,11.2014,3.97,lankershim
528,347.6,3477,759,1.12E+12,-7.9610712,359.110788,6452378.404,1873873.929,5.36448,2.25552,2,2.569464,-2.554224,2,108,201,0,4,4,1,511,532,10.933176,4.25,lankershim
528,347.7,3478,759,1.12E+12,-7.9443072,358.8666432,6452378.167,1873873.203,5.36448,2.25552,2,2.31648,-2.337816,2,108,201,0,4,4,1,511,532,10.686288,4.61,lankershim
528,347.8,3479,759,1.12E+12,-7.9482696,358.647492,6452377.872,1873872.515,5.36448,2.25552,2,2.063496,-2.395728,2,108,201,0,4,4,1,511,532,10.46988,5.07,lankershim
528,347.9,3480,759,1.12E+12,-7.9802736,358.45242,6452377.531,1873871.958,5.36448,2.25552,2,1.804416,-2.801112,2,108,201,0,4,4,1,511,532,10.274808,5.69,lankershim
528,348,3481,759,1.12E+12,-8.0031336,358.2881328,6452377.26,1873871.492,5.36448,2.25552,2,1.548384,-2.831592,2,108,201,0,4,4,1,511,532,10.110216,6.53,lankershim
528,348.1,3482,759,1.12E+12,-7.9915512,358.1549352,6452377.124,1873871.058,5.36448,2.25552,2,1.395984,1.002792,2,108,201,0,4,4,1,511,532,9.976104,7.15,lankershim
528,348.2,3483,759,1.12E+12,-7.9656432,358.0299672,6452377.063,1873870.686,5.36448,2.25552,2,1.380744,0.56388,2,108,201,0,4,4,1,511,532,9.851136,7.13,lankershim
528,348.3,3484,759,1.12E+12,-7.936992,357.8925024,6452376.987,1873870.249,5.36448,2.25552,2,1.41732,-1.161288,2,108,201,0,4,4,1,511,532,9.713976,6.85,lankershim
528,348.4,3485,759,1.12E+12,-7.9205328,357.7401024,6452376.826,1873869.713,5.36448,2.25552,2,1.420368,1.947672,2,108,201,0,4,4,1,511,532,9.561576,6.73,lankershim
528,348.5,3486,759,1.12E+12,-7.9452216,357.5886168,6452376.566,1873869.291,5.36448,2.25552,2,1.319784,-1.694688,2,108,201,0,4,4,1,511,532,9.409176,7.13,lankershim
528,348.6,3487,759,1.12E+12,-7.9885032,357.4627344,6452376.283,1873868.972,5.36448,2.25552,2,1.088136,-2.904744,2,108,201,0,4,4,1,511,532,9.284208,8.53,lankershim
528,348.7,3488,759,1.12E+12,-8.020812,357.3731232,6452376.063,1873868.714,5.36448,2.25552,2,0.819912,-2.874264,2,108,201,0,4,4,1,511,532,9.192768,11.21,lankershim
528,348.8,3489,759,1.12E+12,-8.0217264,357.3112488,6452375.996,1873868.558,5.36448,2.25552,2,0.621792,-1.856232,2,108,201,0,4,4,1,511,532,9.131808,14.69,lankershim
528,348.9,3490,759,1.12E+12,-8.0061816,357.2624808,6452375.988,1873868.405,5.36448,2.25552,2,0.521208,-0.219456,2,108,201,0,4,4,1,511,532,9.08304,17.43,lankershim
528,349,3491,759,1.12E+12,-7.9982568,357.2137128,6452375.945,1873868.23,5.36448,2.25552,2,0.469392,-0.463296,2,108,201,0,4,4,1,511,532,9.034272,19.25,lankershim
528,349.1,3492,759,1.12E+12,-7.9906368,357.1673832,6452375.905,1873868.066,5.36448,2.25552,2,0.41148,-0.798576,2,108,201,0,4,4,1,511,532,8.988552,21.84,lankershim
528,349.2,3493,759,1.12E+12,-7.9851504,357.1329408,6452375.876,1873867.947,5.36448,2.25552,2,0.36576,-0.341376,2,108,201,0,4,4,1,511,532,8.955024,24.48,lankershim
528,349.3,3494,759,1.12E+12,-7.982712,357.1033752,6452375.862,1873867.891,5.36448,2.25552,2,0.371856,0.481584,2,108,201,0,4,4,1,511,532,8.924544,24,lankershim
528,349.4,3495,759,1.12E+12,-7.9769208,357.0637512,6452375.833,1873867.772,5.36448,2.25552,2,0.393192,0.323088,2,108,201,0,4,4,1,511,532,8.88492,22.6,lankershim
528,349.5,3496,759,1.12E+12,-7.9680816,357.0162024,6452375.786,1873867.58,5.36448,2.25552,2,0.359664,-0.871728,2,108,201,0,4,4,1,511,532,8.836152,24.57,lankershim
528,349.6,3497,759,1.12E+12,-7.961376,356.9814552,6452375.75,1873867.432,5.36448,2.25552,2,0.27432,-1.271016,2,108,201,0,4,4,1,511,532,8.802624,32.09,lankershim
528,349.7,3498,759,1.12E+12,-7.961376,356.9674344,6452375.75,1873867.433,5.36448,2.25552,2,0.2286,0,2,108,201,0,4,4,1,511,532,8.787384,38.44,lankershim
528,349.8,3499,759,1.12E+12,-7.9616808,356.9534136,6452375.75,1873867.434,5.36448,2.25552,2,0.27432,1.271016,2,108,201,0,4,4,1,511,532,8.775192,31.99,lankershim
528,349.9,3500,759,1.12E+12,-7.9546704,356.9189712,6452375.714,1873867.287,5.36448,2.25552,2,0.359664,0.877824,2,108,201,0,4,4,1,511,532,8.738616,24.3,lankershim
528,350,3501,759,1.12E+12,-7.9458312,356.8711176,6452375.667,1873867.094,5.36448,2.25552,2,0.39624,-0.329184,2,108,201,0,4,4,1,511,532,8.692896,21.94,lankershim
528,350.1,3502,759,1.12E+12,-7.9403448,356.8317984,6452375.638,1873866.976,5.36448,2.25552,2,0.374904,-0.484632,2,108,201,0,4,4,1,511,532,8.653272,23.08,lankershim
528,350.2,3503,759,1.12E+12,-7.9379064,356.8025376,6452375.624,1873866.92,5.36448,2.25552,2,0.36576,-0.085344,2,108,201,0,4,4,1,511,532,8.616696,23.55,lankershim
528,350.3,3504,759,1.12E+12,-7.923276,356.7684,6452375.624,1873866.794,5.36448,2.25552,2,0.423672,1.23444,2,108,201,0,4,4,1,511,532,8.577072,20.24,lankershim
528,350.4,3505,759,1.12E+12,-7.9333344,356.7199368,6452375.527,1873866.644,5.36448,2.25552,2,0.515112,1.075944,2,108,201,0,4,4,1,511,532,8.558784,16.62,lankershim
528,350.5,3506,759,1.12E+12,-7.953756,356.6611104,6452375.393,1873866.491,5.36448,2.25552,2,0.566928,0.466344,2,108,201,0,4,4,1,511,532,8.583168,15.14,lankershim
528,350.6,3507,759,1.12E+12,-7.9683864,356.6013696,6452375.277,1873866.334,5.36448,2.25552,2,0.554736,-0.573024,2,108,201,0,4,4,1,511,532,8.647176,15.59,lankershim
528,350.7,3508,759,1.12E+12,-7.9924656,356.5507728,6452375.134,1873866.195,5.36448,2.25552,2,0.493776,-0.874776,2,108,201,0,4,4,1,511,532,8.769096,17.76,lankershim
528,350.8,3509,759,1.12E+12,-8.0098392,356.5120632,6452375.032,1873866.094,5.36448,2.25552,2,0.429768,-0.627888,2,108,201,0,4,4,1,511,532,8.942832,20.81,lankershim
528,350.9,3510,759,1.12E+12,-8.0354424,356.4800592,6452374.928,1873866.062,5.36448,2.25552,2,0.399288,-0.890016,2,108,201,0,4,4,1,511,532,9.122664,22.85,lankershim
528,351,3511,759,1.12E+12,-8.0473296,356.4440928,6452374.842,1873865.956,5.36448,2.25552,2,0.423672,-0.652272,2,108,201,0,4,4,1,511,532,9.293352,21.94,lankershim
528,351.1,3512,759,1.12E+12,-8.0308704,356.3962392,6452374.831,1873865.785,5.36448,2.25552,2,0.484632,0.70104,2,108,201,0,4,4,1,511,532,9.451848,19.5,lankershim
528,351.2,3513,759,1.12E+12,-8.0229456,356.3428992,6452374.788,1873865.61,5.36448,2.25552,2,0.512064,0,2,108,201,0,4,4,1,511,532,9.604248,18.75,lankershim
528,351.3,3514,759,1.12E+12,-8.014716,356.2910832,6452374.745,1873865.435,5.36448,2.25552,2,0.509016,-0.164592,2,108,201,0,4,4,1,511,532,9.756648,19.17,lankershim
528,351.4,3515,759,1.12E+12,-8.0089248,356.2423152,6452374.711,1873865.3,5.36448,2.25552,2,0.50292,0,2,108,201,0,4,4,1,511,532,9.912096,19.71,lankershim
528,351.5,3516,759,1.12E+12,-8.0006952,356.1956808,6452374.668,1873865.125,5.36448,2.25552,2,0.527304,0.466344,2,108,201,0,4,4,1,511,532,10.07364,19.1,lankershim
528,351.6,3517,759,1.12E+12,-7.9939896,356.1432552,6452374.632,1873864.978,5.36448,2.25552,2,0.591312,0.804672,2,108,201,0,4,4,1,511,532,10.22604,17.29,lankershim
528,351.7,3518,759,1.12E+12,-7.9851504,356.0816856,6452374.585,1873864.787,5.36448,2.25552,2,0.67056,0.880872,2,108,201,0,4,4,1,511,532,10.369296,15.46,lankershim
528,351.8,3519,759,1.12E+12,-7.9729584,356.0118864,6452374.52,1873864.52,5.36448,2.25552,2,0.762,0.938784,2,108,201,0,4,4,1,511,532,10.503408,13.79,lankershim
528,351.9,3520,759,1.12E+12,-7.9629,355.931724,6452374.466,1873864.301,5.36448,2.25552,2,0.85344,0.880872,2,108,201,0,4,4,1,511,532,10.628376,12.45,lankershim
528,352,3521,759,1.12E+12,-7.9403448,355.8424176,6452374.423,1873864,5.36448,2.25552,2,0.935736,-0.902208,2,108,201,0,4,4,1,511,532,10.747248,11.48,lankershim
528,352.1,3522,759,1.12E+12,-7.9333344,355.742748,6452374.312,1873863.667,5.36448,2.25552,2,1.018032,1.850136,2,108,201,0,4,4,1,511,532,10.847832,10.66,lankershim
528,352.2,3523,759,1.12E+12,-7.9647288,355.6372872,6452374.088,1873863.393,5.36448,2.25552,2,1.106424,0.917448,2,108,201,0,4,4,1,511,532,10.936224,9.88,lankershim
528,352.3,3524,759,1.12E+12,-8.0098392,355.5312168,6452373.817,1873863.119,5.36448,2.25552,2,1.210056,0.877824,2,108,201,0,4,4,1,511,532,11.055096,9.14,lankershim
528,352.4,3525,759,1.12E+12,-8.037576,355.4123448,6452373.593,1873862.813,5.36448,2.25552,2,1.40208,1.984248,2,108,201,0,4,4,1,511,532,11.228832,8.01,lankershim
528,352.5,3526,759,1.12E+12,-8.017764,355.2645168,6452373.475,1873862.35,5.36448,2.25552,2,1.685544,3.361944,2,108,201,0,4,4,1,511,532,11.436096,6.78,lankershim
528,352.6,3527,759,1.12E+12,-7.9894176,355.0801128,6452373.321,1873861.727,5.36448,2.25552,2,2.008632,3.197352,2,108,201,0,4,4,1,511,532,11.686032,5.82,lankershim
528,352.7,3528,759,1.12E+12,-8.004048,354.8597424,6452373.007,1873861.086,5.36448,2.25552,2,2.322576,3.06324,2,108,201,0,4,4,1,511,532,11.9634,5.15,lankershim
528,352.8,3529,759,1.12E+12,-8.019288,354.6110256,6452372.651,1873860.346,5.36448,2.25552,2,2.599944,2.615184,2,108,201,0,4,4,1,511,532,12.277344,4.72,lankershim
528,352.9,3530,759,1.12E+12,-8.0342232,354.334572,6452372.267,1873859.537,5.36448,2.25552,2,2.828544,1.999488,2,108,201,0,4,4,1,511,532,12.600432,4.45,lankershim
528,353,3531,759,1.12E+12,-8.0455008,354.0364776,6452371.86,1873858.637,5.36448,2.25552,2,2.980944,1.149096,2,108,201,0,4,4,1,511,532,12.889992,4.32,lankershim
528,353.1,3532,759,1.12E+12,-8.0415384,353.7301536,6452371.479,1873857.67,5.36448,2.25552,2,3.09372,0.847344,2,108,201,0,4,4,1,511,532,13.16736,4.26,lankershim
528,353.2,3533,759,1.12E+12,-8.0525112,353.4180384,6452371.073,1873856.771,5.36448,2.25552,2,3.206496,1.213104,2,108,201,0,4,4,1,511,532,13.44168,4.19,lankershim
528,353.3,3534,759,1.12E+12,-8.0607408,353.0934264,6452370.653,1873855.815,5.36448,2.25552,2,3.33756,1.6002,2,108,201,0,4,4,1,511,532,13.70076,4.11,lankershim
528,353.4,3535,759,1.12E+12,-8.051292,352.7505264,6452370.243,1873854.729,5.36448,2.25552,2,3.471672,1.289304,2,108,201,0,4,4,1,511,532,13.996416,4.03,lankershim
528,353.5,3536,759,1.12E+12,-8.0445864,352.396044,6452369.818,1873853.63,5.36448,2.25552,2,3.602736,1.682496,2,108,201,0,4,4,1,511,532,14.542008,4.04,lankershim
528,353.6,3537,759,1.12E+12,-8.0561688,352.0354656,6452369.341,1873852.562,5.36448,2.25552,2,3.776472,2.49936,2,108,201,0,4,4,1,511,532,15.215616,4.03,lankershim
528,353.7,3538,759,1.12E+12,-8.0915256,351.6544656,6452368.777,1873851.486,5.36448,2.25552,2,4.026408,3.023616,2,108,201,0,4,4,1,511,532,15.968472,3.97,lankershim
528,353.8,3539,759,1.12E+12,-8.1445608,351.2384136,6452368.094,1873850.274,5.36448,2.25552,2,4.29768,2.71272,2,108,201,0,4,4,1,511,532,16.58112,3.86,lankershim
528,353.9,3540,759,1.12E+12,-8.1710784,350.7906624,6452367.442,1873848.909,5.36448,2.25552,2,4.538472,1.56972,2,108,201,0,4,4,1,511,532,17.029176,3.75,lankershim
528,354,3541,759,1.12E+12,-8.1719928,350.3237088,6452366.866,1873847.506,5.36448,2.25552,2,4.733544,1.481328,2,108,201,0,4,4,1,511,532,17.19072,3.63,lankershim
528,354.1,3542,759,1.12E+12,-8.1774792,349.8412104,6452366.264,1873846.08,5.36448,2.25552,2,4.895088,1.642872,2,108,201,0,4,4,1,511,532,17.285208,3.53,lankershim
528,354.2,3543,759,1.12E+12,-8.1719928,349.3422528,6452365.651,1873844.53,5.36448,2.25552,2,5.035296,1.533144,2,108,201,0,4,4,1,511,532,17.361408,3.45,lankershim
528,354.3,3544,759,1.12E+12,-8.1887568,348.8301888,6452364.959,1873842.981,5.36448,2.25552,2,5.163312,1.231392,2,108,201,0,4,4,1,511,532,17.416272,3.37,lankershim
528,354.4,3545,759,1.12E+12,-8.220456,348.3098952,6452364.226,1873841.461,5.36448,2.25552,2,5.28828,1.32588,2,108,201,0,4,4,1,511,532,17.477232,3.31,lankershim
528,354.5,3546,759,1.12E+12,-8.2405728,347.7771048,6452363.508,1873839.878,5.36448,2.25552,2,5.434584,1.6764,2,108,201,0,4,4,1,511,532,17.58696,3.24,lankershim
528,354.6,3547,759,1.12E+12,-8.2606896,347.225112,6452362.759,1873838.218,5.36448,2.25552,2,5.583936,1.822704,2,108,201,0,4,4,1,511,532,17.72412,3.17,lankershim
528,354.7,3548,759,1.12E+12,-8.28294,346.6590984,6452361.98,1873836.505,5.36448,2.25552,2,5.733288,2.048256,2,108,201,0,4,4,1,511,532,17.900904,3.12,lankershim
528,354.8,3549,759,1.12E+12,-8.3432904,346.0848552,6452361.086,1873834.839,5.36448,2.25552,2,5.910072,1.96596,2,108,201,0,4,4,1,511,532,18.12036,3.07,lankershim
528,354.9,3550,759,1.12E+12,-8.4280248,345.4926288,6452360.109,1873833.183,5.36448,2.25552,2,6.132576,2.404872,2,108,201,0,4,4,1,511,532,18.3642,2.99,lankershim
528,355,3551,759,1.12E+12,-8.4798408,344.867484,6452359.174,1873831.343,5.36448,2.25552,2,6.367272,1.252728,2,108,201,0,4,4,1,511,532,18.595848,2.92,lankershim
528,355.1,3552,759,1.12E+12,-8.4911184,344.2097256,6452358.316,1873829.34,5.36448,2.25552,2,6.53796,-0.216408,2,108,201,0,4,4,1,511,532,18.8214,2.88,lankershim
528,355.2,3553,759,1.12E+12,-8.4838032,343.5412992,6452357.5,1873827.278,5.36448,2.25552,2,6.586728,0.85344,2,108,201,0,4,4,1,511,532,19.056096,2.89,lankershim
528,355.3,3554,759,1.12E+12,-8.4941664,342.8838456,6452356.656,1873825.299,5.36448,2.25552,2,6.58368,1.847088,2,108,201,0,4,4,1,511,532,19.312128,2.93,lankershim
528,355.4,3555,759,1.12E+12,-8.5444584,342.2346216,6452355.707,1873823.414,5.36448,2.25552,2,6.638544,1.624584,2,108,201,0,4,4,1,511,532,19.571208,2.95,lankershim
528,355.5,3556,759,1.12E+12,-8.6109048,341.5732056,6452354.694,1873821.508,5.36448,2.25552,2,6.769608,1.810512,2,108,201,0,4,4,1,511,532,19.815048,2.93,lankershim
528,355.6,3557,759,1.12E+12,-8.662416,340.8874056,6452353.677,1873819.465,5.36448,2.25552,2,6.915912,1.365504,2,108,201,3,0,4,1,511,532,20.034504,2.9,lankershim
528,355.7,3558,759,1.12E+12,-8.711184,340.184232,6452352.65,1873817.375,5.36448,2.25552,2,7.004304,0.356616,2,108,201,3,0,4,1,511,532,20.235672,2.89,lankershim
528,355.8,3559,759,1.12E+12,-8.761476,339.4332048,6452351.626,1873815.304,5.36448,2.25552,2,8.165592,3.892296,2,108,201,3,0,4,1,511,532,20.388072,2.5,lankershim
528,355.9,3560,759,1.12E+12,-8.811768,338.4273648,6452350.606,1873813.243,5.36448,2.25552,2,10.799064,3.91668,2,108,201,3,0,4,1,511,532,20.28444,1.88,lankershim
528,356,3561,759,1.12E+12,-8.863584,337.2877176,6452349.589,1873811.201,5.36448,2.25552,2,12.722352,1.850136,2,108,201,3,0,4,1,511,532,20.052792,1.58,lankershim
528,356.1,3562,759,1.12E+12,-9.1247976,336.0380376,6452348.562,1873809.112,5.36448,2.25552,2,12.841224,-4.828032,2,108,201,3,0,4,1,511,532,19.7358,1.54,lankershim
528,356.2,3563,759,1.12E+12,-8.9983056,334.8743112,6452347.51,1873806.922,5.36448,2.25552,2,11.164824,0,2,108,201,3,0,4,1,511,532,19.531584,1.75,lankershim
528,356.3,3564,759,1.12E+12,-8.8614504,333.82458,6452346.435,1873804.641,5.36448,2.25552,2,8.763,-0.9144,2,108,201,3,0,4,1,511,532,19.464528,2.22,lankershim
528,356.4,3565,759,1.12E+12,-8.70966,333.0263088,6452345.375,1873802.297,5.36448,2.25552,2,7.7724,-0.859536,2,108,201,3,0,4,1,511,532,19.677888,2.53,lankershim
528,356.5,3566,759,1.12E+12,-8.5776816,332.256384,6452344.265,1873799.995,5.36448,2.25552,2,7.8486,-1.225296,2,108,201,3,0,4,1,511,532,19.82724,2.53,lankershim
528,356.6,3567,759,1.12E+12,-8.4838032,331.4785344,6452343.043,1873797.751,5.36448,2.25552,2,7.958328,1.459992,2,108,201,3,0,4,1,511,532,19.879056,2.5,lankershim
528,356.7,3568,759,1.12E+12,-8.3963256,330.6845304,6452341.763,1873795.462,5.36448,2.25552,2,8.12292,2.389632,2,108,201,3,0,4,1,511,532,19.854672,2.44,lankershim
528,356.8,3569,759,1.12E+12,-8.2853784,329.8694952,6452340.504,1873793.071,5.36448,2.25552,2,8.302752,2.919984,2,108,201,3,0,4,1,511,532,19.772376,2.38,lankershim
528,356.9,3570,759,1.12E+12,-8.127492,329.03922,6452339.341,1873790.548,5.36448,2.25552,2,8.436864,1.99644,2,108,201,3,0,4,1,511,532,19.787616,2.35,lankershim
528,357,3571,759,1.12E+12,-7.9482696,328.2031536,6452338.222,1873787.966,5.36448,2.25552,2,8.510016,0.313944,2,108,201,3,0,4,1,511,532,19.897344,2.34,lankershim
528,357.1,3572,759,1.12E+12,-7.7711808,327.367392,6452337.108,1873785.403,5.36448,2.25552,2,8.537448,-1.368552,2,108,201,3,0,4,1,511,532,20.13204,2.36,lankershim
528,357.2,3573,759,1.12E+12,-7.6111608,326.530716,6452335.941,1873782.863,5.36448,2.25552,2,8.589264,-1.139952,2,108,201,3,0,4,1,511,532,20.442936,2.38,lankershim
528,357.3,3574,759,1.12E+12,-7.4886312,325.6827624,6452334.658,1873780.372,5.36448,2.25552,2,8.705088,1.6002,2,108,201,3,0,4,1,511,532,20.793456,2.39,lankershim
528,357.4,3575,759,1.12E+12,-7.3740264,324.814692,6452333.318,1873777.845,5.36448,2.25552,2,8.851392,1.795272,2,108,201,3,0,4,1,511,532,21.171408,2.39,lankershim
528,357.5,3576,759,1.12E+12,-7.222236,323.927724,6452332.021,1873775.17,5.36448,2.25552,2,8.958072,0.908304,2,108,201,3,0,4,1,511,532,21.430488,2.39,lankershim
528,357.6,3577,759,1.12E+12,-7.0485,323.03466,6452330.778,1873772.444,5.36448,2.25552,2,8.982456,-0.585216,2,108,201,3,0,4,1,511,532,21.62556,2.41,lankershim
528,357.7,3578,759,1.12E+12,-6.9000624,322.149216,6452329.488,1873769.798,5.36448,2.25552,2,8.94588,-0.704088,2,108,201,3,0,4,1,511,532,21.771864,2.43,lankershim
528,357.8,3579,759,1.12E+12,-6.7821048,321.2753544,6452328.142,1873767.244,5.36448,2.25552,2,8.96112,0.819912,2,108,201,3,0,4,1,511,532,21.82368,2.44,lankershim
528,357.9,3580,759,1.12E+12,-6.6373248,320.4008832,6452326.859,1873764.626,5.36448,2.25552,2,9.131808,2.855976,2,108,201,3,0,4,1,511,532,21.969984,2.41,lankershim
528,358,3581,759,1.12E+12,-6.4654176,319.494408,6452325.624,1873761.924,5.36448,2.25552,2,9.427464,3.572256,2,108,201,3,0,4,1,511,532,22.125432,2.35,lankershim
528,358.1,3582,759,1.12E+12,-6.2919864,318.541908,6452324.276,1873759.053,5.36448,2.25552,2,9.680448,2.115312,2,108,201,3,0,4,1,511,532,22.299168,2.3,lankershim
528,358.2,3583,759,1.12E+12,-6.1084968,317.561976,6452322.839,1873756.002,5.36448,2.25552,2,9.750552,-1.395984,2,108,201,3,0,4,1,511,532,22.482048,2.31,lankershim
528,358.3,3584,759,1.12E+12,-5.9436,316.5936264,6452321.447,1873753.119,5.36448,2.25552,2,9.649968,-2.767584,2,108,201,3,0,4,1,511,532,22.634448,2.35,lankershim
528,358.4,3585,759,1.12E+12,-5.8015632,315.6557568,6452320.055,1873750.365,5.36448,2.25552,2,9.546336,-1.453896,2,108,201,3,0,4,1,511,532,22.780752,2.39,lankershim
528,358.5,3586,759,1.12E+12,-5.7055512,314.7221544,6452318.562,1873747.728,5.36448,2.25552,2,9.57072,1.594104,2,108,201,3,0,4,1,511,532,22.9362,2.4,lankershim
528,358.6,3587,759,1.12E+12,-5.6016144,313.765692,6452317.009,1873744.964,5.36448,2.25552,2,9.659112,3.102864,2,108,201,3,0,4,1,511,532,23.07336,2.39,lankershim
528,358.7,3588,759,1.12E+12,-5.4260496,312.8016096,6452315.598,1873741.993,5.36448,2.25552,2,9.287256,-2.243328,2,108,201,3,0,4,1,511,532,23.219664,2.5,lankershim
528,358.8,3589,759,1.12E+12,-5.2072032,311.9637144,6452314.368,1873739.032,5.36448,2.25552,2,8.272272,-3.834384,2,108,201,3,0,4,1,511,532,23.3934,2.83,lankershim
528,358.9,3590,759,1.12E+12,-5.0084736,311.1758064,6452313.165,1873736.222,5.36448,2.25552,2,7.461504,-4.828032,2,108,201,3,0,4,1,511,532,23.582376,3.16,lankershim
528,359,3591,759,1.12E+12,-4.832604,310.4747664,6452311.816,1873733.338,5.36448,2.25552,2,7.427976,0,2,108,201,3,0,4,1,511,532,23.771352,3.2,lankershim
528,359.1,3592,759,1.12E+12,-4.9121568,309.6807624,6452310.345,1873730.395,5.36448,2.25552,2,8.211312,0,2,108,201,0,3,4,1,511,532,23.951184,2.92,lankershim
528,359.2,3593,759,1.12E+12,-4.9594008,308.8239696,6452308.798,1873727.513,5.36448,2.25552,2,9.351264,3.087624,2,108,201,0,3,4,1,511,532,24.100536,2.58,lankershim
528,359.3,3594,759,1.12E+12,-4.9813464,307.8611064,6452307.373,1873724.694,5.36448,2.25552,2,10.061448,4.828032,2,108,201,0,3,4,1,511,532,24.237696,2.41,lankershim
528,359.4,3595,759,1.12E+12,-4.9350168,306.8232624,6452306.101,1873721.677,5.36448,2.25552,2,10.567416,4.504944,2,108,201,0,3,4,1,511,532,24.283416,2.3,lankershim
528,359.5,3596,759,1.12E+12,-4.8499776,305.7345168,6452304.838,1873718.381,5.36448,2.25552,2,11.189208,3.544824,2,108,201,0,3,4,1,511,532,24.280368,2.17,lankershim
528,359.6,3597,759,1.12E+12,-4.7661576,304.592736,6452303.447,1873714.829,5.36448,2.25552,2,11.561064,1.856232,2,108,201,0,3,4,1,511,532,24.222456,2.1,lankershim
528,359.7,3598,759,1.12E+12,-4.7073312,303.4018824,6452301.801,1873710.93,5.36448,2.25552,2,11.426952,-3.493008,2,108,201,0,3,4,1,511,532,24.115776,2.11,lankershim
528,359.8,3599,759,1.12E+12,-4.6408848,302.2939344,6452300.427,1873707.546,5.36448,2.25552,2,10.8966,-3.934968,2,108,201,0,3,4,1,511,532,24.088344,2.21,lankershim
528,359.9,3600,759,1.12E+12,-4.5595032,301.2207336,6452299.222,1873704.4,5.36448,2.25552,2,10.411968,-4.672584,2,108,201,0,3,4,1,511,532,24.103584,2.31,lankershim
528,360,3601,759,1.12E+12,-4.5622464,300.2365344,6452297.88,1873701.61,5.36448,2.25552,2,10.457688,4.828032,2,108,201,0,3,4,1,511,532,24.213312,2.32,lankershim
528,360.1,3602,759,1.12E+12,-4.6018704,299.1465696,6452296.29,1873698.58,5.36448,2.25552,2,11.100816,4.828032,2,108,201,0,3,4,1,511,532,24.219408,2.18,lankershim
528,360.2,3603,759,1.12E+12,-4.6744128,298.001436,6452294.49,1873695.359,5.36448,2.25552,2,11.893296,3.867912,2,108,201,0,3,4,1,511,532,24.17064,2.03,lankershim
528,360.3,3604,759,1.12E+12,-4.7865792,296.7904656,6452292.284,1873691.592,5.36448,2.25552,2,12.35964,1.993392,2,108,201,0,3,4,1,511,532,24.067008,1.95,lankershim
528,360.4,3605,759,1.12E+12,-4.8825912,295.5124392,6452290.181,1873687.915,5.36448,2.25552,2,12.29868,-3.68808,2,108,201,0,3,4,1,511,532,23.914608,1.94,lankershim
528,360.5,3606,759,1.12E+12,-4.9536096,294.3151848,6452288.265,1873684.443,5.36448,2.25552,2,11.792712,-3.858768,2,108,201,0,3,4,1,511,532,23.856696,2.02,lankershim
528,360.6,3607,759,1.12E+12,-5.012436,293.1660888,6452286.469,1873681.126,5.36448,2.25552,2,11.183112,-3.669792,2,108,201,0,3,4,1,511,532,23.838408,2.13,lankershim
528,360.7,3608,759,1.12E+12,-5.0462688,292.0657608,6452284.86,1873678.013,5.36448,2.25552,2,10.735056,-3.483864,2,108,201,0,3,4,1,511,532,23.853648,2.22,lankershim
528,360.8,3609,759,1.12E+12,-5.0788824,291.0248688,6452283.313,1873675.019,5.36448,2.25552,2,10.48512,-1.243584,2,108,201,0,3,4,1,511,532,23.9268,2.28,lankershim
528,360.9,3610,759,1.12E+12,-5.114544,289.9827576,6452281.735,1873671.985,5.36448,2.25552,2,10.320528,-1.438656,2,108,201,0,3,4,1,511,532,23.996904,2.33,lankershim
528,361,3611,759,1.12E+12,-5.1508152,288.961068,6452280.156,1873668.952,5.36448,2.25552,2,9.89076,-3.282696,2,108,201,0,3,4,1,511,532,24.088344,2.44,lankershim
528,361.1,3612,759,1.12E+12,-5.1867816,288.0158832,6452278.579,1873665.921,5.36448,2.25552,2,9.232392,-2.097024,2,108,201,0,3,4,1,511,532,24.26208,2.63,lankershim
528,361.2,3613,759,1.12E+12,-5.222748,287.112456,6452277.002,1873662.891,5.36448,2.25552,2,8.863584,2.551176,2,108,201,0,3,4,1,511,532,24.487632,2.76,lankershim
528,361.3,3614,759,1.12E+12,-5.3635656,286.2663312,6452275.413,1873659.87,5.36448,2.25552,2,9.009888,4.011168,2,108,201,0,3,4,1,511,532,24.707088,2.74,lankershim
528,361.4,3615,759,1.12E+12,-5.513832,285.341568,6452273.836,1873656.844,5.36448,2.25552,2,9.576816,3.374136,2,108,201,0,3,4,1,511,532,24.816816,2.59,lankershim
528,361.5,3616,759,1.12E+12,-5.6415432,284.3750472,6452272.327,1873653.787,5.36448,2.25552,2,10.168128,2.737104,2,108,201,0,3,4,1,511,532,24.829008,2.44,lankershim
528,361.6,3617,759,1.12E+12,-5.7396888,283.320744,6452270.906,1873650.69,5.36448,2.25552,2,10.387584,-1.716024,2,108,201,0,3,4,1,511,532,24.789384,2.39,lankershim
528,361.7,3618,759,1.12E+12,-5.815584,282.2850336,6452269.551,1873647.561,5.36448,2.25552,2,10.390632,-0.832104,2,108,201,0,3,4,1,511,532,24.816816,2.39,lankershim
528,361.8,3619,759,1.12E+12,-5.8875168,281.2484088,6452268.209,1873644.427,5.36448,2.25552,2,10.390632,-0.1524,2,108,201,0,3,4,1,511,532,24.868632,2.39,lankershim
528,361.9,3620,759,1.12E+12,-5.9637168,280.211784,6452266.854,1873641.299,5.36448,2.25552,2,10.390632,0.070104,2,108,201,0,3,4,1,511,532,24.896064,2.4,lankershim
528,362,3621,759,1.12E+12,-6.0399168,279.1751592,6452265.498,1873638.17,5.36448,2.25552,2,10.390632,0.033528,2,108,201,0,3,4,1,511,532,24.911304,2.4,lankershim
528,362.1,3622,759,1.12E+12,-6.1161168,278.1388392,6452264.143,1873635.042,5.36448,2.25552,2,10.390632,0,2,108,201,0,3,4,1,511,532,24.923496,2.4,lankershim
528,362.2,3623,759,1.12E+12,-6.192012,277.1025192,6452262.788,1873631.914,5.36448,2.25552,2,10.390632,0,2,108,201,0,3,4,1,511,532,24.929592,2.4,lankershim
528,362.3,3624,759,1.12E+12,-6.268212,276.0661992,6452261.433,1873628.785,5.36448,2.25552,2,10.390632,0,2,108,201,0,3,4,1,511,532,24.923496,2.4,lankershim
528,362.4,3625,759,1.12E+12,-6.3441072,275.0298792,6452260.078,1873625.657,5.36448,2.25552,2,10.390632,0,2,108,201,0,3,4,1,511,532,24.911304,2.4,lankershim
528,362.5,3626,759,1.12E+12,-6.420612,273.9932544,6452258.722,1873622.528,5.36448,2.25552,2,10.390632,0,2,108,201,0,3,4,1,511,532,24.90216,2.4,lankershim
528,362.6,3627,759,1.12E+12,-6.4965072,272.9569344,6452257.367,1873619.4,5.36448,2.25552,2,10.390632,0,2,108,201,0,3,4,1,511,532,24.893016,2.4,lankershim
528,362.7,3628,759,1.12E+12,-6.5727072,271.9206144,6452256.012,1873616.272,5.36448,2.25552,2,10.390632,0,2,108,201,0,3,4,1,511,532,24.883872,2.39,lankershim
528,362.8,3629,759,1.12E+12,-6.6486024,270.8842944,6452254.657,1873613.143,5.36448,2.25552,2,10.390632,0,2,108,201,0,3,4,1,511,532,24.877776,2.39,lankershim
528,362.9,3630,759,1.12E+12,-6.7251072,269.8479744,6452253.301,1873610.015,5.36448,2.25552,2,10.390632,0,2,108,201,0,3,4,1,511,532,24.868632,2.39,lankershim
528,363,3631,759,1.12E+12,-6.8013072,268.8116544,6452251.946,1873606.887,5.36448,2.25552,2,10.390632,-0.01524,2,108,201,0,3,4,1,511,532,24.859488,2.39,lankershim
528,363.1,3632,759,1.12E+12,-6.8772024,267.7753344,6452250.591,1873603.758,5.36448,2.25552,2,10.387584,-0.06096,2,108,201,0,3,4,1,511,532,24.850344,2.39,lankershim
528,363.2,3633,759,1.12E+12,-6.9534024,266.7399288,6452249.236,1873600.63,5.36448,2.25552,2,10.390632,-0.094488,2,108,201,0,3,4,1,511,532,24.844248,2.39,lankershim
528,363.3,3634,759,1.12E+12,-7.0308216,265.704828,6452247.878,1873597.508,5.36448,2.25552,2,10.411968,0.368808,2,108,201,0,3,4,1,511,532,24.838152,2.39,lankershim
528,363.4,3635,759,1.12E+12,-7.0981824,264.6666792,6452246.55,1873594.369,5.36448,2.25552,2,10.460736,1.05156,2,108,201,0,3,4,1,511,532,24.82596,2.37,lankershim
528,363.5,3636,759,1.12E+12,-7.1759064,263.6224344,6452245.181,1873591.216,5.36448,2.25552,2,10.539984,1.347216,2,108,201,0,3,4,1,511,532,24.81072,2.35,lankershim
528,363.6,3637,759,1.12E+12,-7.281672,262.5519768,6452243.714,1873588.064,5.36448,2.25552,2,10.482072,-1.484376,2,108,201,0,3,4,1,511,532,24.79548,2.37,lankershim
528,363.7,3638,759,1.12E+12,-7.3941432,261.51078,6452242.218,1873584.893,5.36448,2.25552,2,10.177272,-3.432048,2,108,201,0,3,4,1,511,532,25.011888,2.46,lankershim
528,363.8,3639,759,1.12E+12,-7.4831448,260.5128648,6452240.782,1873581.661,5.36448,2.25552,2,9.857232,-3.386328,2,108,201,0,3,4,1,511,532,25.371552,2.57,lankershim
528,363.9,3640,759,1.12E+12,-7.5523344,259.5673752,6452239.427,1873578.464,5.36448,2.25552,2,9.698736,1.46304,2,108,201,0,3,4,1,511,532,25.87752,2.67,lankershim
528,364,3641,759,1.12E+12,-7.6797408,258.6307248,6452238.058,1873575.407,5.36448,2.25552,2,9.808464,3.541776,2,108,201,0,3,4,1,511,532,26.289,2.68,lankershim
528,364.1,3642,759,1.12E+12,-7.8251304,257.642868,6452236.635,1873572.421,5.36448,2.25552,2,10.143744,3.374136,2,108,201,0,3,4,1,511,532,26.535888,2.62,lankershim
528,364.2,3643,759,1.12E+12,-7.9485744,256.6047192,6452235.266,1873569.363,5.36448,2.25552,2,10.390632,1.466088,2,108,201,0,3,4,1,511,532,26.53284,2.55,lankershim
528,364.3,3644,759,1.12E+12,-8.055864,255.5571216,6452233.9,1873566.139,5.36448,2.25552,2,10.445496,0.402336,2,108,201,0,3,4,1,511,532,26.450544,2.53,lankershim
528,364.4,3645,759,1.12E+12,-8.1832704,254.5113528,6452232.473,1873562.939,5.36448,2.25552,2,10.399776,-1.286256,2,108,201,0,3,4,1,511,532,26.359104,2.53,lankershim
528,364.5,3646,759,1.12E+12,-8.3295744,253.4875296,6452231.033,1873559.91,5.36448,2.25552,2,10.311384,-1.237488,2,108,201,0,3,4,1,511,532,26.292048,2.55,lankershim
528,364.6,3647,759,1.12E+12,-8.4606384,252.4755936,6452229.654,1873556.907,5.36448,2.25552,2,10.274808,-1.15824,2,108,201,0,3,4,1,511,532,26.240232,2.55,lankershim
528,364.7,3648,759,1.12E+12,-8.5475064,251.453904,6452228.387,1873553.776,5.36448,2.25552,2,10.296144,0.490728,2,108,201,0,3,4,1,511,532,26.176224,2.54,lankershim
528,364.8,3649,759,1.12E+12,-8.6358984,250.4218512,6452227.097,1873550.584,5.36448,2.25552,2,10.305288,1.15824,2,108,201,0,3,4,1,511,532,26.10612,2.53,lankershim
528,364.9,3650,759,1.12E+12,-8.7687912,249.396504,6452225.689,1873547.51,5.36448,2.25552,2,10.262616,-0.310896,2,108,201,0,3,4,1,511,532,26.039064,2.54,lankershim
528,365,3651,759,1.12E+12,-8.9150952,248.3836536,6452224.255,1873544.496,5.36448,2.25552,2,10.198608,-0.62484,2,108,201,0,3,4,1,511,532,25.9842,2.55,lankershim
528,365.1,3652,759,1.12E+12,-9.0376248,247.3738512,6452222.896,1873541.465,5.36448,2.25552,2,10.137648,-0.694944,2,108,201,0,3,4,1,511,532,25.935432,2.56,lankershim
528,365.2,3653,759,1.12E+12,-9.1412568,246.3689256,6452221.587,1873538.381,5.36448,2.25552,2,10.067544,-0.768096,2,108,201,0,3,4,1,511,532,25.889712,2.57,lankershim
528,365.3,3654,759,1.12E+12,-9.2631768,245.3764968,6452220.235,1873535.366,5.36448,2.25552,2,10.02792,-0.19812,2,108,201,0,3,4,1,511,532,25.856184,2.58,lankershim
528,365.4,3655,759,1.12E+12,-9.4058232,244.3883352,6452218.852,1873532.478,5.36448,2.25552,2,10.034016,-0.618744,2,108,201,0,3,4,1,511,532,25.828752,2.57,lankershim
528,365.5,3656,759,1.12E+12,-9.5368872,243.39042,6452217.472,1873529.473,5.36448,2.25552,2,10.052304,-1.118616,2,108,201,0,3,4,1,511,532,25.789128,2.57,lankershim
528,365.6,3657,759,1.12E+12,-9.6234504,242.3809224,6452216.206,1873526.341,5.36448,2.25552,2,10.024872,-0.871728,2,108,201,0,3,4,1,511,532,25.737312,2.57,lankershim
528,365.7,3658,759,1.12E+12,-9.7081848,241.3811784,6452214.972,1873523.29,5.36448,2.25552,2,9.909048,-1.469136,2,108,201,0,3,4,1,511,532,25.697688,2.59,lankershim
528,365.8,3659,759,1.12E+12,-9.8368104,240.4100856,6452213.627,1873520.372,5.36448,2.25552,2,9.79932,0.896112,2,108,201,0,3,4,1,511,532,25.688544,2.62,lankershim
528,365.9,3660,759,1.12E+12,-9.968484,239.4514896,6452212.3,1873517.542,5.36448,2.25552,2,9.774936,0.67056,2,108,201,0,3,4,1,511,532,25.69464,2.63,lankershim
528,366,3661,759,1.12E+12,-10.105644,238.4828352,6452210.933,1873514.646,5.36448,2.25552,2,9.796272,0.478536,2,108,201,0,3,4,1,511,532,25.6794,2.62,lankershim
528,366.1,3662,759,1.12E+12,-10.2452424,237.4824816,6452209.527,1873511.651,5.36448,2.25552,2,10.65276,3.404616,2,108,201,0,3,4,1,511,532,25.609296,2.4,lankershim
528,366.2,3663,759,1.12E+12,-10.3702104,236.284008,6452208.198,1873508.74,5.36448,2.25552,2,12.576048,2.993136,2,108,201,0,3,4,1,511,532,25.307544,2.01,lankershim
528,366.3,3664,759,1.12E+12,-10.5058464,234.9895224,6452206.849,1873505.887,5.36448,2.25552,2,13.911072,0,2,108,201,0,3,4,1,511,532,24.880824,1.79,lankershim
528,366.4,3665,759,1.12E+12,-10.6234992,233.6057304,6452205.488,1873503.007,5.36448,2.25552,2,13.859256,-4.828032,2,108,201,0,3,4,1,511,532,24.359616,1.76,lankershim
528,366.5,3666,759,1.12E+12,-10.6033824,232.3243512,6452204.17,1873500.121,5.36448,2.25552,2,12.368784,-4.681728,2,108,201,0,3,4,1,511,532,23.938992,1.94,lankershim
528,366.6,3667,759,1.12E+12,-10.5960672,231.149652,6452202.821,1873497.267,5.36448,2.25552,2,10.265664,-3.386328,2,108,201,0,3,4,1,511,532,23.628096,2.3,lankershim
528,366.7,3668,759,1.12E+12,-10.5823512,230.172768,6452201.545,1873494.516,5.36448,2.25552,2,9.275064,-1.603248,2,108,201,0,3,4,1,511,532,23.518368,2.54,lankershim
528,366.8,3669,759,1.12E+12,-10.5835704,229.2574536,6452200.248,1873491.837,5.36448,2.25552,2,9.183624,-0.103632,2,108,201,0,3,4,1,511,532,23.466552,2.56,lankershim
528,366.9,3670,759,1.12E+12,-10.6170984,228.3451872,6452198.84,1873489.17,5.36448,2.25552,2,9.156192,-0.405384,2,108,201,0,3,4,1,511,532,23.420832,2.56,lankershim
528,367,3671,759,1.12E+12,-10.6180128,227.4298728,6452197.532,1873486.463,5.36448,2.25552,2,9.162288,-0.877824,2,108,201,0,3,4,1,511,532,23.369016,2.55,lankershim
528,367.1,3672,759,1.12E+12,-10.6046016,226.5124248,6452196.267,1873483.739,5.36448,2.25552,2,9.171432,0.47244,2,108,201,0,3,4,1,511,532,23.323296,2.54,lankershim
528,367.2,3673,759,1.12E+12,-10.6006392,225.5925384,6452194.974,1873481.026,5.36448,2.25552,2,9.147048,-0.39624,2,108,201,0,3,4,1,511,532,23.277576,2.54,lankershim
528,367.3,3674,759,1.12E+12,-10.5832656,224.674176,6452193.708,1873478.27,5.36448,2.25552,2,9.058656,-1.24968,2,108,201,0,3,4,1,511,532,23.161752,2.56,lankershim
528,367.4,3675,759,1.12E+12,-10.5884472,223.7677008,6452192.399,1873475.594,5.36448,2.25552,2,8.88492,-1.941576,2,108,201,0,3,4,1,511,532,23.0124,2.59,lankershim
528,367.5,3676,759,1.12E+12,-10.578084,222.8874384,6452191.179,1873472.984,5.36448,2.25552,2,8.638032,-2.212848,2,108,201,0,3,4,1,511,532,22.835616,2.64,lankershim
528,367.6,3677,759,1.12E+12,-10.5189528,222.0416184,6452190.139,1873470.381,5.36448,2.25552,2,8.400288,-2.142744,2,108,201,0,3,4,1,511,532,22.61616,2.69,lankershim
528,367.7,3678,759,1.12E+12,-10.460736,221.2214016,6452189.155,1873467.901,5.36448,2.25552,2,8.235696,-1.862328,2,108,201,0,3,4,1,511,532,22.506432,2.73,lankershim
528,367.8,3679,759,1.12E+12,-10.4083104,220.411548,6452188.161,1873465.443,5.36448,2.25552,2,8.159496,-2.761488,2,108,201,0,3,4,1,511,532,22.445472,2.75,lankershim
528,367.9,3680,759,1.12E+12,-10.4070912,219.5959032,6452186.999,1873463.022,5.36448,2.25552,2,8.129016,1.786128,2,108,201,0,3,4,1,511,532,22.454616,2.76,lankershim
528,368,3681,759,1.12E+12,-10.4558592,218.774772,6452185.689,1873460.673,5.36448,2.25552,2,8.025384,-1.712976,2,108,201,0,3,4,1,511,532,22.421088,2.79,lankershim
528,368.1,3682,759,1.12E+12,-10.468356,217.9713192,6452184.486,1873458.273,5.36448,2.25552,2,7.790688,-3.471672,2,108,201,0,3,4,1,511,532,22.335744,2.87,lankershim
528,368.2,3683,759,1.12E+12,-10.4506776,217.2053568,6452183.449,1873455.99,5.36448,2.25552,2,7.473696,-3.343656,2,108,201,0,3,4,1,511,532,22.21992,2.97,lankershim
528,368.3,3684,759,1.12E+12,-10.4220264,216.47658,6452182.515,1873453.835,5.36448,2.25552,2,7.138416,-3.191256,2,108,201,0,3,4,1,511,532,22.076664,3.09,lankershim
528,368.4,3685,759,1.12E+12,-10.4137968,215.7855984,6452181.538,1873451.746,5.36448,2.25552,2,6.87324,-2.191512,2,108,201,0,3,4,1,511,532,21.909024,3.19,lankershim
528,368.5,3686,759,1.12E+12,-10.4311704,215.1153432,6452180.541,1873449.811,5.36448,2.25552,2,6.714744,-1.11252,2,108,201,0,3,4,1,511,532,21.73224,3.24,lankershim
528,368.6,3687,759,1.12E+12,-10.4259888,214.4551464,6452179.621,1873447.863,5.36448,2.25552,2,6.635496,-0.1524,2,108,201,0,3,4,1,511,532,21.570696,3.25,lankershim
528,368.7,3688,759,1.12E+12,-10.4006904,213.7937304,6452178.75,1873445.864,5.36448,2.25552,2,6.589776,-0.56388,2,108,201,0,3,4,1,511,532,21.421344,3.25,lankershim
528,368.8,3689,759,1.12E+12,-10.3948992,213.1317048,6452177.823,1873443.899,5.36448,2.25552,2,6.50748,-1.237488,2,108,201,0,3,4,1,511,532,21.268944,3.27,lankershim
528,368.9,3690,759,1.12E+12,-10.4128824,212.4827856,6452176.832,1873441.979,5.36448,2.25552,2,6.37032,-1.566672,2,108,201,0,3,4,1,511,532,21.119592,3.32,lankershim
528,369,3691,759,1.12E+12,-10.4192832,211.8530688,6452175.93,1873440.156,5.36448,2.25552,2,6.193536,-1.496568,2,108,201,0,3,4,1,511,532,20.948904,3.38,lankershim
528,369.1,3692,759,1.12E+12,-10.3793544,211.243164,6452175.181,1873438.302,5.36448,2.25552,2,6.001512,-1.883664,2,108,201,0,3,4,1,511,532,20.762976,3.46,lankershim
528,369.2,3693,759,1.12E+12,-10.34034,210.6549,6452174.442,1873436.474,5.36448,2.25552,2,5.830824,-2.100072,2,108,201,0,3,4,1,511,532,20.55876,3.53,lankershim
528,369.3,3694,759,1.12E+12,-10.3500936,210.0852288,6452173.608,1873434.817,5.36448,2.25552,2,5.73024,-1.133856,2,108,201,0,3,4,1,511,532,20.372832,3.56,lankershim
528,369.4,3695,759,1.12E+12,-10.3750872,209.5222632,6452172.748,1873433.222,5.36448,2.25552,2,5.708904,0.143256,2,108,201,0,3,4,1,511,532,20.196048,3.54,lankershim
528,369.5,3696,759,1.12E+12,-10.3750872,208.9507632,6452171.93,1873431.527,5.36448,2.25552,2,5.736336,0.637032,2,108,201,0,3,4,1,511,532,20.007072,3.49,lankershim
528,369.6,3697,759,1.12E+12,-10.354056,208.370424,6452171.149,1873429.747,5.36448,2.25552,2,5.742432,-0.5334,2,108,201,0,3,4,1,511,532,19.79676,3.45,lankershim
528,369.7,3698,759,1.12E+12,-10.3543608,207.7940472,6452170.331,1873428.052,5.36448,2.25552,2,5.69976,-0.615696,2,108,201,0,3,4,1,511,532,19.577304,3.43,lankershim
528,369.8,3699,759,1.12E+12,-10.37844,207.2292528,6452169.46,1873426.429,5.36448,2.25552,2,5.6388,0.667512,2,108,201,0,3,4,1,511,532,19.366992,3.43,lankershim
528,369.9,3700,759,1.12E+12,-10.389108,206.6675064,6452168.636,1873424.799,5.36448,2.25552,2,5.571744,1.694688,2,108,201,0,3,4,1,511,532,19.162776,3.44,lankershim
528,370,3701,759,1.12E+12,-10.3613712,206.108808,6452167.916,1873423.096,5.36448,2.25552,2,5.465064,-1.149096,2,108,201,0,3,4,1,511,532,18.949416,3.47,lankershim
528,370.1,3702,759,1.12E+12,-10.3074216,205.569312,6452167.283,1873421.376,5.36448,2.25552,2,5.324856,-1.938528,2,108,201,0,3,4,1,511,532,18.733008,3.52,lankershim
528,370.2,3703,759,1.12E+12,-10.2796848,205.0548096,6452166.646,1873419.846,5.36448,2.25552,2,5.27304,-2.46888,2,108,201,0,3,4,1,511,532,18.510504,3.51,lankershim
528,370.3,3704,759,1.12E+12,-10.2949248,204.5445744,6452165.894,1873418.4,5.36448,2.25552,2,5.416296,3.538728,2,108,201,0,3,4,1,511,532,18.260568,3.37,lankershim
528,370.4,3705,759,1.12E+12,-10.3315008,203.9898384,6452165.008,1873416.84,5.36448,2.25552,2,5.763768,3.499104,2,108,201,0,3,4,1,511,532,17.946624,3.11,lankershim
528,370.5,3706,759,1.12E+12,-10.3802688,203.3942592,6452164.007,1873415.131,5.36448,2.25552,2,6.181344,3.389376,2,108,201,0,3,4,1,511,532,17.580864,2.84,lankershim
528,370.6,3707,759,1.12E+12,-10.4156256,202.7496072,6452162.976,1873413.261,5.36448,2.25552,2,6.467856,1.764792,2,108,201,0,3,4,1,511,532,17.163288,2.65,lankershim
528,370.7,3708,759,1.12E+12,-10.4275128,202.0695984,6452161.974,1873411.272,5.36448,2.25552,2,6.449568,-1.932432,2,108,201,0,3,4,1,511,532,16.699992,2.59,lankershim
528,370.8,3709,759,1.12E+12,-10.4555544,201.4337856,6452160.911,1873409.278,5.36448,2.25552,2,6.099048,-3.432048,2,108,201,0,3,4,1,511,532,16.254984,2.67,lankershim
528,370.9,3710,759,1.12E+12,-10.4808528,200.8531416,6452160.018,1873407.617,5.36448,2.25552,2,5.559552,-3.416808,2,108,201,0,3,4,1,511,532,15.837408,2.85,lankershim
528,371,3711,759,1.12E+12,-10.4823768,200.3185224,6452159.274,1873406.086,5.36448,2.25552,2,5.163312,-2.456688,2,108,201,0,3,4,1,511,532,15.45336,2.99,lankershim
528,371.1,3712,759,1.12E+12,-10.498836,199.839072,6452158.618,1873404.849,5.36448,2.25552,2,5.07492,1.901952,2,108,201,0,3,4,1,511,532,15.127224,2.98,lankershim
528,371.2,3713,759,1.12E+12,-10.5390696,199.3282272,6452157.77,1873403.396,5.36448,2.25552,2,5.1054,1.365504,2,108,201,0,3,4,1,511,532,14.770608,2.89,lankershim
528,371.3,3714,759,1.12E+12,-10.6094784,198.792084,6452156.717,1873401.742,5.36448,2.25552,2,4.971288,-3.252216,2,108,201,0,3,4,1,511,532,14.37132,2.89,lankershim
528,371.4,3715,759,1.12E+12,-10.6643424,198.3290928,6452155.865,1873400.391,5.36448,2.25552,2,4.477512,-3.636264,2,108,201,0,3,4,1,511,532,14.026896,3.13,lankershim
528,371.5,3716,759,1.12E+12,-10.701528,197.9200512,6452155.158,1873399.205,5.36448,2.25552,2,3.745992,-3.62712,2,108,201,0,3,4,1,511,532,13.722096,3.66,lankershim
528,371.6,3717,759,1.12E+12,-10.7158536,197.5719696,6452154.655,1873398.269,5.36448,2.25552,2,3.1242,-3.45948,2,108,201,0,3,4,1,511,532,13.47216,4.31,lankershim
528,371.7,3718,759,1.12E+12,-10.7332272,197.2851528,6452154.266,1873397.593,5.36448,2.25552,2,2.746248,-2.218944,2,108,201,0,3,4,1,511,532,13.270992,4.83,lankershim
528,371.8,3719,759,1.12E+12,-10.7530392,197.0373504,6452153.836,1873396.851,5.36448,2.25552,2,2.602992,-0.140208,2,108,201,0,3,4,1,511,532,13.085064,5.03,lankershim
528,371.9,3720,759,1.12E+12,-10.773156,196.781928,6452153.405,1873396.109,5.36448,2.25552,2,2.599944,0.207264,2,108,201,0,3,4,1,511,532,12.880848,4.95,lankershim
528,372,3721,759,1.12E+12,-10.792968,196.5198,6452152.975,1873395.367,5.36448,2.25552,2,2.612136,0,2,108,201,0,3,4,1,511,532,12.682728,4.85,lankershim
528,372.1,3722,759,1.12E+12,-10.81278,196.2588912,6452152.545,1873394.625,5.36448,2.25552,2,2.612136,0,2,108,201,0,3,4,1,511,532,12.4968,4.78,lankershim
528,372.2,3723,759,1.12E+12,-10.832592,195.9982872,6452152.115,1873393.883,5.36448,2.25552,2,2.612136,0,2,108,201,0,3,4,1,511,532,12.304776,4.71,lankershim
528,372.3,3724,759,1.12E+12,-10.852404,195.7376832,6452151.685,1873393.141,5.36448,2.25552,2,2.612136,0,2,108,201,0,3,4,1,511,532,12.079224,4.62,lankershim
528,372.4,3725,759,1.12E+12,-10.8725208,195.4770792,6452151.254,1873392.399,5.36448,2.25552,2,2.612136,0,2,108,201,0,3,4,1,511,532,11.832336,4.53,lankershim
528,372.5,3726,759,1.12E+12,-10.8923328,195.2164752,6452150.824,1873391.658,5.36448,2.25552,2,2.612136,0,2,108,201,0,3,4,1,511,532,11.585448,4.44,lankershim
528,372.6,3727,759,1.12E+12,-10.9124496,194.9558712,6452150.394,1873390.916,5.36448,2.25552,2,2.612136,0,2,108,201,0,3,4,1,511,532,11.347704,4.34,lankershim
528,372.7,3728,759,1.12E+12,-10.9322616,194.695572,6452149.964,1873390.175,5.36448,2.25552,2,2.609088,0,2,108,201,0,3,4,1,511,532,11.097768,4.25,lankershim
528,372.8,3729,759,1.12E+12,-10.9520736,194.4352728,6452149.535,1873389.434,5.36448,2.25552,2,2.609088,0,2,108,201,0,3,4,1,511,532,10.823448,4.15,lankershim
528,372.9,3730,759,1.12E+12,-10.9718856,194.1752784,6452149.105,1873388.692,5.36448,2.25552,2,2.618232,0.094488,2,108,201,0,3,4,1,511,532,10.533888,4.02,lankershim
528,373,3731,759,1.12E+12,-10.9916976,193.9140648,6452148.675,1873387.951,5.36448,2.25552,2,2.630424,0.149352,2,108,201,0,3,4,1,511,532,10.259568,3.9,lankershim
528,373.1,3732,759,1.12E+12,-11.0118144,193.6467552,6452148.245,1873387.21,5.36448,2.25552,2,2.596896,-0.585216,2,108,201,0,3,4,1,511,532,10.006584,3.85,lankershim
528,373.2,3733,759,1.12E+12,-11.03376,193.38036,6452147.794,1873386.44,5.36448,2.25552,2,2.441448,-2.282952,2,108,201,0,3,4,1,511,532,9.76884,4,lankershim
528,373.3,3734,759,1.12E+12,-11.0554008,193.1438352,6452147.364,1873385.713,5.36448,2.25552,2,2.124456,-3.517392,2,108,201,0,3,4,1,511,532,9.549384,4.49,lankershim
528,373.4,3735,759,1.12E+12,-11.0694216,192.9563832,6452147.051,1873385.169,5.36448,2.25552,2,1.673352,-3.584448,2,108,201,0,3,4,1,511,532,9.348216,5.59,lankershim
528,373.5,3736,759,1.12E+12,-11.0624112,192.8091648,6452146.867,1873384.734,5.36448,2.25552,2,1.228344,-3.30708,2,108,201,0,3,4,1,511,532,9.17448,7.47,lankershim
528,373.6,3737,759,1.12E+12,-11.0468664,192.7107144,6452146.801,1873384.48,5.36448,2.25552,2,0.920496,-2.228088,2,108,201,0,3,4,1,511,532,9.058656,9.84,lankershim
528,373.7,3738,759,1.12E+12,-11.0319312,192.6424392,6452146.755,1873384.271,5.36448,2.25552,2,0.771144,-0.585216,2,108,201,0,3,4,1,511,532,8.988552,11.65,lankershim
528,373.8,3739,759,1.12E+12,-11.0182152,192.5750784,6452146.689,1873384.032,5.36448,2.25552,2,0.740664,0.134112,2,108,201,0,3,4,1,511,532,8.924544,12.05,lankershim
528,373.9,3740,759,1.12E+12,-11.0051088,192.5016216,6452146.622,1873383.793,5.36448,2.25552,2,0.749808,0.100584,2,108,201,0,3,4,1,511,532,8.851392,11.81,lankershim
528,374,3741,759,1.12E+12,-10.9916976,192.426336,6452146.555,1873383.554,5.36448,2.25552,2,0.758952,0,2,108,201,0,3,4,1,511,532,8.775192,11.56,lankershim
528,374.1,3742,759,1.12E+12,-10.9785912,192.3519648,6452146.488,1873383.314,5.36448,2.25552,2,0.758952,0,2,108,201,0,3,4,1,511,532,8.70204,11.47,lankershim
528,374.2,3743,759,1.12E+12,-10.96518,192.2772888,6452146.421,1873383.075,5.36448,2.25552,2,0.758952,0,2,108,201,0,3,4,1,511,532,8.62584,11.37,lankershim
528,374.3,3744,759,1.12E+12,-10.9520736,192.2029176,6452146.354,1873382.836,5.36448,2.25552,2,0.755904,0,2,108,201,0,3,4,1,511,532,8.552688,11.31,lankershim
528,374.4,3745,759,1.12E+12,-10.9386624,192.1282416,6452146.287,1873382.597,5.36448,2.25552,2,0.755904,0,2,108,201,0,3,4,1,511,532,8.476488,11.22,lankershim
528,374.5,3746,759,1.12E+12,-10.925556,192.0538704,6452146.22,1873382.358,5.36448,2.25552,2,0.755904,0,2,108,201,0,3,4,1,511,532,8.403336,11.12,lankershim
528,374.6,3747,759,1.12E+12,-10.9121448,191.9791944,6452146.153,1873382.119,5.36448,2.25552,2,0.755904,0,2,108,201,0,3,4,1,511,532,8.330184,11.02,lankershim
528,374.7,3748,759,1.12E+12,-10.8990384,191.9048232,6452146.086,1873381.88,5.36448,2.25552,2,0.755904,0,2,108,201,0,3,4,1,511,532,8.253984,10.92,lankershim
528,374.8,3749,759,1.12E+12,-10.8856272,191.830452,6452146.019,1873381.641,5.36448,2.25552,2,0.755904,0,2,108,201,0,3,4,1,511,532,8.180832,10.82,lankershim
528,374.9,3750,759,1.12E+12,-10.8725208,191.7573,6452145.952,1873381.402,5.36448,2.25552,2,0.768096,0.18288,2,108,201,0,3,4,1,511,532,8.10768,10.55,lankershim
528,375,3751,759,1.12E+12,-10.8594144,191.6746992,6452145.885,1873381.163,5.36448,2.25552,2,0.737616,-0.597408,2,108,201,0,3,4,1,511,532,8.025384,10.88,lankershim
528,375.1,3752,759,1.12E+12,-10.8460032,191.5875264,6452145.818,1873380.924,5.36448,2.25552,2,0.521208,-3.36804,2,108,201,0,3,4,1,511,532,7.936992,15.23,lankershim
528,375.2,3753,759,1.12E+12,-10.8453936,191.5722864,6452145.679,1873380.631,5.36448,2.25552,2,0.234696,3.62712,2,108,201,0,3,4,1,511,532,7.921752,33.75,lankershim
528,375.3,3754,759,1.12E+12,-10.8121704,191.614044,6452145.834,1873380.702,5.36448,2.25552,2,0.826008,3.709416,2,108,201,0,3,4,1,511,532,7.964424,9.64,lankershim
528,375.4,3755,759,1.12E+12,-10.7719368,191.716152,6452146.13,1873381.012,5.36448,2.25552,2,1.496568,3.450336,2,108,201,0,3,4,1,511,532,8.065008,5.39,lankershim
528,375.5,3756,759,1.12E+12,-10.696956,191.8956792,6452146.67,1873381.566,5.36448,2.25552,2,1.78308,-0.865632,2,108,201,0,3,4,1,511,532,8.24484,4.62,lankershim
528,375.6,3757,759,1.12E+12,-10.6615992,192.091056,6452147.094,1873382.178,5.36448,2.25552,2,1.563624,-3.883152,2,108,201,0,3,4,1,511,532,8.439912,5.4,lankershim
528,375.7,3758,759,1.12E+12,-10.6384344,192.2135856,6452147.373,1873382.582,5.36448,2.25552,2,1.02108,-3.730752,2,108,201,0,3,4,1,511,532,8.561832,8.39,lankershim
528,375.8,3759,759,1.12E+12,-10.6500168,192.292224,6452147.406,1873382.738,5.36448,2.25552,2,0.463296,-3.465576,2,108,201,0,3,4,1,511,532,8.64108,18.65,lankershim
528,375.9,3760,759,1.12E+12,-10.6503216,192.3114264,6452147.38,1873382.685,5.36448,2.25552,2,0.115824,-1.911096,2,108,201,0,3,4,1,511,532,8.662416,74.78,lankershim
528,376,3761,759,1.12E+12,-10.6503216,192.299844,6452147.38,1873382.685,5.36448,2.25552,2,0,-0.051816,2,108,201,0,3,4,1,511,532,8.650224,9999.99,lankershim
528,376.1,3762,759,1.12E+12,-10.6503216,192.2961864,6452147.38,1873382.685,5.36448,2.25552,2,0.009144,-0.155448,2,108,201,0,3,4,1,511,532,8.647176,945.53,lankershim
528,376.2,3763,759,1.12E+12,-10.6503216,192.2971008,6452147.38,1873382.685,5.36448,2.25552,2,0,0,2,108,201,0,3,4,1,511,532,8.647176,9999.99,lankershim
528,376.3,3764,759,1.12E+12,-10.6503216,192.2971008,6452147.38,1873382.685,5.36448,2.25552,2,0,0,2,108,201,0,3,4,1,511,532,8.647176,9999.99,lankershim
528,376.4,3765,759,1.12E+12,-10.6503216,192.2971008,6452147.38,1873382.685,5.36448,2.25552,2,0,0,2,108,201,0,3,4,1,511,532,8.647176,9999.99,lankershim
528,376.5,3766,759,1.12E+12,-10.6503216,192.2971008,6452147.38,1873382.685,5.36448,2.25552,2,0,0,2,108,201,0,3,4,1,511,532,8.647176,9999.99,lankershim
528,376.6,3767,759,1.12E+12,-10.6503216,192.2971008,6452147.38,1873382.685,5.36448,2.25552,2,0,0,2,108,201,0,3,4,1,511,532,8.647176,9999.99,lankershim
528,376.7,3768,759,1.12E+12,-10.6503216,192.2971008,6452147.38,1873382.685,5.36448,2.25552,2,0,0,2,108,201,0,3,4,1,511,532,8.647176,9999.99,lankershim
528,376.8,3769,759,1.12E+12,-10.6503216,192.2971008,6452147.38,1873382.685,5.36448,2.25552,2,0,0,2,108,201,0,3,4,1,511,532,8.647176,9999.99,lankershim
528,376.9,3770,759,1.12E+12,-10.6503216,192.2971008,6452147.38,1873382.685,5.36448,2.25552,2,0,0,2,108,201,0,3,4,1,511,532,8.647176,9999.99,lankershim
528,377,3771,759,1.12E+12,-10.6503216,192.2971008,6452147.38,1873382.685,5.36448,2.25552,2,0,0,2,108,201,0,3,4,1,511,532,8.647176,9999.99,lankershim
528,377.1,3772,759,1.12E+12,-10.6503216,192.2971008,6452147.38,1873382.685,5.36448,2.25552,2,0,0,2,108,201,0,3,4,1,511,532,8.647176,9999.99,lankershim
528,377.2,3773,759,1.12E+12,-10.6503216,192.2971008,6452147.38,1873382.685,5.36448,2.25552,2,0,0,2,108,201,0,3,4,1,511,532,8.647176,9999.99,lankershim
528,377.3,3774,759,1.12E+12,-10.6503216,192.2971008,6452147.38,1873382.685,5.36448,2.25552,2,0,0,2,108,201,0,3,4,1,511,532,8.647176,9999.99,lankershim
528,377.4,3775,759,1.12E+12,-10.6503216,192.2971008,6452147.38,1873382.685,5.36448,2.25552,2,0,0,2,108,201,0,3,4,1,511,532,8.647176,9999.99,lankershim
528,377.5,3776,759,1.12E+12,-10.6503216,192.2971008,6452147.38,1873382.685,5.36448,2.25552,2,0,0,2,108,201,0,3,4,1,511,532,8.64108,9999.99,lankershim
528,377.6,3777,759,1.12E+12,-10.6503216,192.2971008,6452147.38,1873382.685,5.36448,2.25552,2,0,0,2,108,201,0,3,4,1,511,532,8.644128,9999.99,lankershim
528,377.7,3778,759,1.12E+12,-10.6503216,192.2971008,6452147.38,1873382.685,5.36448,2.25552,2,0,0,2,108,201,0,3,4,1,511,532,8.662416,9999.99,lankershim
528,377.8,3779,759,1.12E+12,-10.6503216,192.2971008,6452147.38,1873382.685,5.36448,2.25552,2,0,0,2,108,201,0,3,4,1,511,532,8.6868,9999.99,lankershim
528,377.9,3780,759,1.12E+12,-10.6503216,192.2971008,6452147.38,1873382.685,5.36448,2.25552,2,0,0,2,108,201,0,3,4,1,511,532,8.70204,9999.99,lankershim
528,378,3781,759,1.12E+12,-10.6503216,192.2971008,6452147.38,1873382.685,5.36448,2.25552,2,0,0,2,108,201,0,3,4,1,511,532,8.6868,9999.99,lankershim
528,378.1,3782,759,1.12E+12,-10.6503216,192.2971008,6452147.38,1873382.685,5.36448,2.25552,2,0,0,2,108,201,0,3,4,1,511,532,8.65632,9999.99,lankershim
528,378.2,3783,759,1.12E+12,-10.6503216,192.2971008,6452147.38,1873382.685,5.36448,2.25552,2,0,0,2,108,201,0,3,4,1,511,532,8.64108,9999.99,lankershim
528,378.3,3784,759,1.12E+12,-10.6503216,192.2971008,6452147.38,1873382.685,5.36448,2.25552,2,0,0,2,108,201,0,3,4,1,511,532,8.65632,9999.99,lankershim
528,378.4,3785,759,1.12E+12,-10.6503216,192.2971008,6452147.38,1873382.685,5.36448,2.25552,2,0,0,2,108,201,0,3,4,1,511,532,8.6868,9999.99,lankershim
528,378.5,3786,759,1.12E+12,-10.6503216,192.2971008,6452147.38,1873382.685,5.36448,2.25552,2,0,0,2,108,201,0,3,4,1,511,532,8.70204,9999.99,lankershim
528,378.6,3787,759,1.12E+12,-10.6503216,192.2971008,6452147.38,1873382.685,5.36448,2.25552,2,0,0,2,108,201,0,3,4,1,511,532,8.6868,9999.99,lankershim
528,378.7,3788,759,1.12E+12,-10.6503216,192.2971008,6452147.38,1873382.685,5.36448,2.25552,2,0,0,2,108,201,0,3,4,1,511,532,8.662416,9999.99,lankershim
528,378.8,3789,759,1.12E+12,-10.6503216,192.2971008,6452147.38,1873382.685,5.36448,2.25552,2,0,0,2,108,201,0,3,4,1,511,532,8.644128,9999.99,lankershim
528,378.9,3790,759,1.12E+12,-10.6503216,192.2971008,6452147.38,1873382.685,5.36448,2.25552,2,0,0,2,108,201,0,3,4,1,511,532,8.64108,9999.99,lankershim
528,379,3791,759,1.12E+12,-10.6503216,192.2971008,6452147.38,1873382.685,5.36448,2.25552,2,0,0,2,108,201,0,3,4,1,511,532,8.647176,9999.99,lankershim
528,379.1,3792,759,1.12E+12,-10.6503216,192.2971008,6452147.38,1873382.685,5.36448,2.25552,2,0,0,2,108,201,0,3,4,1,511,532,8.647176,9999.99,lankershim
528,379.2,3793,759,1.12E+12,-10.6503216,192.2971008,6452147.38,1873382.685,5.36448,2.25552,2,0,0,2,108,201,0,3,4,1,511,532,8.647176,9999.99,lankershim
528,379.3,3794,759,1.12E+12,-10.6503216,192.2971008,6452147.38,1873382.685,5.36448,2.25552,2,0,0,2,108,201,0,3,4,1,511,532,8.647176,9999.99,lankershim
528,379.4,3795,759,1.12E+12,-10.6503216,192.2971008,6452147.38,1873382.685,5.36448,2.25552,2,0,0,2,108,201,0,3,4,1,511,532,8.647176,9999.99,lankershim
528,379.5,3796,759,1.12E+12,-10.6503216,192.2971008,6452147.38,1873382.685,5.36448,2.25552,2,0,0,2,108,201,0,3,4,1,511,532,8.647176,9999.99,lankershim
528,379.6,3797,759,1.12E+12,-10.6503216,192.2971008,6452147.38,1873382.685,5.36448,2.25552,2,0,0,2,108,201,0,3,4,1,511,532,8.647176,9999.99,lankershim
528,379.7,3798,759,1.12E+12,-10.6503216,192.2971008,6452147.38,1873382.685,5.36448,2.25552,2,0,0,2,108,201,0,3,4,1,511,532,8.647176,9999.99,lankershim
528,379.8,3799,759,1.12E+12,-10.6503216,192.2971008,6452147.38,1873382.685,5.36448,2.25552,2,0,0,2,108,201,0,3,4,1,511,532,8.647176,9999.99,lankershim
528,379.9,3800,759,1.12E+12,-10.6503216,192.2971008,6452147.38,1873382.685,5.36448,2.25552,2,0,0,2,108,201,0,3,4,1,511,532,8.647176,9999.99,lankershim
528,380,3801,759,1.12E+12,-10.6503216,192.2971008,6452147.38,1873382.685,5.36448,2.25552,2,0,0,2,108,201,0,3,4,1,511,532,8.647176,9999.99,lankershim
528,380.1,3802,759,1.12E+12,-10.6503216,192.2971008,6452147.38,1873382.685,5.36448,2.25552,2,0,0,2,108,201,0,3,4,1,511,532,8.647176,9999.99,lankershim
528,380.2,3803,759,1.12E+12,-10.6503216,192.2971008,6452147.38,1873382.685,5.36448,2.25552,2,0,0,2,108,201,0,3,4,1,511,532,8.647176,9999.99,lankershim
528,380.3,3804,759,1.12E+12,-10.6503216,192.2971008,6452147.38,1873382.685,5.36448,2.25552,2,0,0,2,108,201,0,3,4,1,511,532,8.647176,9999.99,lankershim
528,380.4,3805,759,1.12E+12,-10.6503216,192.2971008,6452147.38,1873382.685,5.36448,2.25552,2,0,0,2,108,201,0,3,4,1,511,532,8.647176,9999.99,lankershim
528,380.5,3806,759,1.12E+12,-10.6503216,192.2971008,6452147.38,1873382.685,5.36448,2.25552,2,0,0,2,108,201,0,3,4,1,511,532,8.647176,9999.99,lankershim
528,380.6,3807,759,1.12E+12,-10.6503216,192.2971008,6452147.38,1873382.685,5.36448,2.25552,2,0,0,2,108,201,0,3,4,1,511,532,8.647176,9999.99,lankershim
528,380.7,3808,759,1.12E+12,-10.6503216,192.2971008,6452147.38,1873382.685,5.36448,2.25552,2,0,0,2,108,201,0,3,4,1,511,532,8.647176,9999.99,lankershim
528,380.8,3809,759,1.12E+12,-10.6503216,192.2971008,6452147.38,1873382.685,5.36448,2.25552,2,0,0,2,108,201,0,3,4,1,511,532,8.647176,9999.99,lankershim
528,380.9,3810,759,1.12E+12,-10.6503216,192.2971008,6452147.38,1873382.685,5.36448,2.25552,2,0,0,2,108,201,0,3,4,1,511,532,8.647176,9999.99,lankershim
528,381,3811,759,1.12E+12,-10.6503216,192.2971008,6452147.38,1873382.685,5.36448,2.25552,2,0,0,2,108,201,0,3,4,1,511,532,8.647176,9999.99,lankershim
528,381.1,3812,759,1.12E+12,-10.6503216,192.2971008,6452147.38,1873382.685,5.36448,2.25552,2,0,0,2,108,201,0,3,4,1,511,532,8.647176,9999.99,lankershim
528,381.2,3813,759,1.12E+12,-10.6503216,192.2971008,6452147.38,1873382.685,5.36448,2.25552,2,0,0,2,108,201,0,3,4,1,511,532,8.647176,9999.99,lankershim
528,381.3,3814,759,1.12E+12,-10.6503216,192.2971008,6452147.38,1873382.685,5.36448,2.25552,2,0,0,2,108,201,0,3,4,1,511,532,8.647176,9999.99,lankershim
528,381.4,3815,759,1.12E+12,-10.6503216,192.2971008,6452147.38,1873382.685,5.36448,2.25552,2,0,0,2,108,201,0,3,4,1,511,532,8.64108,9999.99,lankershim
528,381.5,3816,759,1.12E+12,-10.6503216,192.2971008,6452147.38,1873382.685,5.36448,2.25552,2,0,0,2,108,201,0,3,4,1,511,532,8.644128,9999.99,lankershim
528,381.6,3817,759,1.12E+12,-10.6503216,192.2971008,6452147.38,1873382.685,5.36448,2.25552,2,0,0,2,108,201,0,3,4,1,511,532,8.662416,9999.99,lankershim
528,381.7,3818,759,1.12E+12,-10.6503216,192.2971008,6452147.38,1873382.685,5.36448,2.25552,2,0,0,2,108,201,0,3,4,1,511,532,8.6868,9999.99,lankershim
528,381.8,3819,759,1.12E+12,-10.6503216,192.2971008,6452147.38,1873382.685,5.36448,2.25552,2,0,0,2,108,201,0,3,4,1,511,532,8.70204,9999.99,lankershim
528,381.9,3820,759,1.12E+12,-10.6503216,192.2971008,6452147.38,1873382.685,5.36448,2.25552,2,0,0,2,108,201,0,3,4,1,511,532,8.6868,9999.99,lankershim
528,382,3821,759,1.12E+12,-10.6503216,192.2971008,6452147.38,1873382.685,5.36448,2.25552,2,0,0,2,108,201,0,3,4,1,511,532,8.662416,9999.99,lankershim
528,382.1,3822,759,1.12E+12,-10.6503216,192.2971008,6452147.38,1873382.685,5.36448,2.25552,2,0,0,2,108,201,0,3,4,1,511,532,8.644128,9999.99,lankershim
528,382.2,3823,759,1.12E+12,-10.6503216,192.2971008,6452147.38,1873382.685,5.36448,2.25552,2,0,0,2,108,201,0,3,4,1,511,532,8.64108,9999.99,lankershim
528,382.3,3824,759,1.12E+12,-10.6503216,192.2971008,6452147.38,1873382.685,5.36448,2.25552,2,0,0,2,108,201,0,3,4,1,511,532,8.647176,9999.99,lankershim
528,382.4,3825,759,1.12E+12,-10.6503216,192.2971008,6452147.38,1873382.685,5.36448,2.25552,2,0,0,2,108,201,0,3,4,1,511,532,8.647176,9999.99,lankershim
528,382.5,3826,759,1.12E+12,-10.6503216,192.2971008,6452147.38,1873382.685,5.36448,2.25552,2,0,0,2,108,201,0,3,4,1,511,532,8.647176,9999.99,lankershim
528,382.6,3827,759,1.12E+12,-10.6503216,192.2971008,6452147.38,1873382.685,5.36448,2.25552,2,0,0,2,108,201,0,3,4,1,511,532,8.64108,9999.99,lankershim
528,382.7,3828,759,1.12E+12,-10.6503216,192.2971008,6452147.38,1873382.685,5.36448,2.25552,2,0,0,2,108,201,0,3,4,1,511,532,8.638032,9999.99,lankershim
528,382.8,3829,759,1.12E+12,-10.6503216,192.2971008,6452147.38,1873382.685,5.36448,2.25552,2,0,0,2,108,201,0,3,4,1,511,532,8.653272,9999.99,lankershim
528,382.9,3830,759,1.12E+12,-10.6503216,192.2971008,6452147.38,1873382.685,5.36448,2.25552,2,0,0,2,108,201,0,3,4,1,511,532,8.695944,9999.99,lankershim
528,383,3831,759,1.12E+12,-10.6503216,192.2971008,6452147.38,1873382.685,5.36448,2.25552,2,0,0,2,108,201,0,3,4,1,511,532,8.750808,9999.99,lankershim
528,383.1,3832,759,1.12E+12,-10.6503216,192.2971008,6452147.38,1873382.685,5.36448,2.25552,2,0,0,2,108,201,0,3,4,1,511,532,8.790432,9999.99,lankershim
528,383.2,3833,759,1.12E+12,-10.6503216,192.2971008,6452147.38,1873382.685,5.36448,2.25552,2,0,0,2,108,201,0,3,4,1,511,532,8.805672,9999.99,lankershim
528,383.3,3834,759,1.12E+12,-10.6503216,192.2971008,6452147.38,1873382.685,5.36448,2.25552,2,0,0,2,108,201,0,3,4,1,511,532,8.805672,9999.99,lankershim
528,383.4,3835,759,1.12E+12,-10.6503216,192.2971008,6452147.38,1873382.685,5.36448,2.25552,2,0,0,2,108,201,0,3,4,1,511,532,8.799576,9999.99,lankershim
528,383.5,3836,759,1.12E+12,-10.6503216,192.2971008,6452147.38,1873382.685,5.36448,2.25552,2,0,0,2,108,201,0,3,4,1,511,532,8.799576,9999.99,lankershim
528,383.6,3837,759,1.12E+12,-10.6503216,192.2971008,6452147.38,1873382.685,5.36448,2.25552,2,0,0,2,108,201,0,3,4,1,511,532,8.79348,9999.99,lankershim
528,383.7,3838,759,1.12E+12,-10.6503216,192.2971008,6452147.38,1873382.685,5.36448,2.25552,2,0,0,2,108,201,0,3,4,1,511,532,8.790432,9999.99,lankershim
528,383.8,3839,759,1.12E+12,-10.6503216,192.2971008,6452147.38,1873382.685,5.36448,2.25552,2,0,0,2,108,201,0,3,4,1,511,532,8.805672,9999.99,lankershim
528,383.9,3840,759,1.12E+12,-10.6503216,192.2971008,6452147.38,1873382.685,5.36448,2.25552,2,0,0,2,108,201,0,3,4,1,511,532,8.842248,9999.99,lankershim
528,384,3841,759,1.12E+12,-10.6503216,192.2971008,6452147.38,1873382.685,5.36448,2.25552,2,0,0,2,108,201,0,3,4,1,511,532,8.894064,9999.99,lankershim
528,384.1,3842,759,1.12E+12,-10.6503216,192.2971008,6452147.38,1873382.685,5.36448,2.25552,2,0,0,2,108,201,0,3,4,1,511,532,8.94588,9999.99,lankershim
528,384.2,3843,759,1.12E+12,-10.6503216,192.2964912,6452147.38,1873382.685,5.36448,2.25552,2,0,0.079248,2,108,201,0,3,4,1,511,532,9.000744,9999.99,lankershim
528,384.3,3844,759,1.12E+12,-10.6503216,192.2971008,6452147.38,1873382.685,5.36448,2.25552,2,0.01524,0.149352,2,108,201,0,3,4,1,511,532,9.061704,594.68,lankershim
528,384.4,3845,759,1.12E+12,-10.6503216,192.3031968,6452147.38,1873382.685,5.36448,2.25552,2,0,-0.405384,2,108,201,0,3,4,1,511,532,9.137904,9999.99,lankershim
528,384.5,3846,759,1.12E+12,-10.6503216,192.3099024,6452147.393,1873382.712,5.36448,2.25552,2,0.131064,1.88976,2,108,201,0,3,4,1,511,532,9.223248,70.37,lankershim
528,384.6,3847,759,1.12E+12,-10.6503216,192.2961864,6452147.393,1873382.712,5.36448,2.25552,2,0.377952,3.240024,2,108,201,0,3,4,1,511,532,9.2964,24.6,lankershim
528,384.7,3848,759,1.12E+12,-10.6506264,192.2397984,6452147.314,1873382.55,5.36448,2.25552,2,0.646176,2.69748,2,108,201,0,3,4,1,511,532,9.348216,14.47,lankershim
528,384.8,3849,759,1.12E+12,-10.6509312,192.1447008,6452147.161,1873382.235,5.36448,2.25552,2,0.768096,0,2,108,201,0,3,4,1,511,532,9.393936,12.23,lankershim
528,384.9,3850,759,1.12E+12,-10.651236,192.0489936,6452147.008,1873381.92,5.36448,2.25552,2,0.643128,-2.779776,2,108,201,0,3,4,1,511,532,9.46404,14.71,lankershim
528,385,3851,759,1.12E+12,-10.6515408,191.9932152,6452146.929,1873381.759,5.36448,2.25552,2,0.362712,-3.386328,2,108,201,0,3,4,1,511,532,9.598152,26.46,lankershim
528,385.1,3852,759,1.12E+12,-10.6515408,191.9855952,6452146.929,1873381.76,5.36448,2.25552,2,0.13716,-1.459992,2,108,201,0,3,4,1,511,532,9.805416,71.49,lankershim
528,385.2,3853,759,1.12E+12,-10.6515408,191.9987016,6452146.955,1873381.813,5.36448,2.25552,2,0.13716,1.459992,2,108,201,0,3,4,1,511,532,10.061448,73.35,lankershim
528,385.3,3854,759,1.12E+12,-10.6515408,191.990472,6452146.955,1873381.813,5.36448,2.25552,2,0.377952,3.41376,2,108,201,0,3,4,1,511,532,10.323576,27.32,lankershim
528,385.4,3855,759,1.12E+12,-10.6463592,191.9298168,6452146.889,1873381.637,5.36448,2.25552,2,0.789432,3.41376,2,108,201,0,3,4,1,511,532,10.558272,13.37,lankershim
528,385.5,3856,759,1.12E+12,-10.6460544,191.8261848,6452146.749,1873381.345,5.36448,2.25552,2,1.274064,3.410712,2,108,201,0,3,4,1,511,532,10.756392,8.44,lankershim
528,385.6,3857,759,1.12E+12,-10.6463592,191.6737848,6452146.531,1873380.895,5.36448,2.25552,2,1.773936,3.416808,2,108,201,0,3,4,1,511,532,10.905744,6.15,lankershim
528,385.7,3858,759,1.12E+12,-10.6478832,191.4729216,6452146.233,1873380.288,5.36448,2.25552,2,2.252472,3.41376,2,108,201,0,3,4,1,511,532,11.021568,4.89,lankershim
528,385.8,3859,759,1.12E+12,-10.654284,191.2296912,6452145.861,1873379.565,5.36448,2.25552,2,2.657856,3.41376,2,108,201,0,3,4,1,511,532,11.143488,4.19,lankershim
528,385.9,3860,759,1.12E+12,-10.6555032,190.9370832,6452145.423,1873378.665,5.36448,2.25552,2,2.929128,1.917192,2,108,201,0,3,4,1,511,532,11.253216,3.84,lankershim
528,386,3861,759,1.12E+12,-10.6567224,190.6207008,6452144.972,1873377.74,5.36448,2.25552,2,3.020568,-0.13716,2,108,201,0,3,4,1,511,532,11.362944,3.76,lankershim
